label,nose_x,nose_y,nose_z,nose_v,left_shoulder_x,left_shoulder_y,left_shoulder_z,left_shoulder_v,right_shoulder_x,right_shoulder_y,right_shoulder_z,right_shoulder_v,left_elbow_x,left_elbow_y,left_elbow_z,left_elbow_v,right_elbow_x,right_elbow_y,right_elbow_z,right_elbow_v,left_wrist_x,left_wrist_y,left_wrist_z,left_wrist_v,right_wrist_x,right_wrist_y,right_wrist_z,right_wrist_v,left_hip_x,left_hip_y,left_hip_z,left_hip_v,right_hip_x,right_hip_y,right_hip_z,right_hip_v,left_knee_x,left_knee_y,left_knee_z,left_knee_v,right_knee_x,right_knee_y,right_knee_z,right_knee_v,left_ankle_x,left_ankle_y,left_ankle_z,left_ankle_v,right_ankle_x,right_ankle_y,right_ankle_z,right_ankle_v,left_heel_x,left_heel_y,left_heel_z,left_heel_v,right_heel_x,right_heel_y,right_heel_z,right_heel_v,left_foot_index_x,left_foot_index_y,left_foot_index_z,left_foot_index_v,right_foot_index_x,right_foot_index_y,right_foot_index_z,right_foot_index_v
C,0.699921190738678,0.3770354688167572,-0.042657364159822464,0.9985261559486389,0.6488714814186096,0.31613585352897644,0.15120626986026764,0.9966798424720764,0.6471721529960632,0.2943613827228546,-0.1733541637659073,0.9986453056335449,0.6368695497512817,0.42550185322761536,0.21158738434314728,0.2845284044742584,0.6279444098472595,0.45005956292152405,-0.1715223342180252,0.9509763717651367,0.7066245079040527,0.4344235062599182,0.21010614931583405,0.3341546654701233,0.6969184875488281,0.45017778873443604,-0.045738447457551956,0.9348033666610718,0.5049596428871155,0.3004484176635742,0.09593314677476883,0.9984915852546692,0.50663822889328,0.2642901837825775,-0.09580600261688232,0.9974229335784912,0.39681991934776306,0.3417688012123108,0.030214669182896614,0.20018263161182404,0.38910481333732605,0.3240712583065033,-0.09476044774055481,0.6750069260597229,0.27798938751220703,0.3331011235713959,0.04549536481499672,0.26700934767723083,0.2697845697402954,0.33302542567253113,-0.07749851793050766,0.7393704056739807,0.25792813301086426,0.31548789143562317,0.04355177283287048,0.3203093409538269,0.2507994472980499,0.3185392916202545,-0.08108863234519958,0.7683824300765991,0.2761094272136688,0.4099440276622772,-0.022334596142172813,0.4624772071838379,0.2686120569705963,0.4202311933040619,-0.16707612574100494,0.7487933039665222
C,0.6998845934867859,0.37717628479003906,-0.04722132906317711,0.9982976913452148,0.6491243243217468,0.31787967681884766,0.14075946807861328,0.9966949820518494,0.6468350887298584,0.29391998052597046,-0.17735153436660767,0.9985041618347168,0.6365674138069153,0.42720332741737366,0.20348839461803436,0.29984891414642334,0.6269639134407043,0.4506709575653076,-0.17369836568832397,0.9490060806274414,0.7025254368782043,0.4347544014453888,0.20246784389019012,0.34855949878692627,0.6965818405151367,0.4503805637359619,-0.05395984649658203,0.9371455311775208,0.5067009329795837,0.3056867718696594,0.09491584450006485,0.9984744191169739,0.5072243213653564,0.2632541358470917,-0.09479323774576187,0.9973044395446777,0.3990190327167511,0.34513166546821594,0.0244858767837286,0.1937524527311325,0.390060156583786,0.32361698150634766,-0.10582181066274643,0.6529368758201599,0.2780681550502777,0.33300358057022095,0.03727966547012329,0.2516940236091614,0.26954367756843567,0.3325277268886566,-0.0916408821940422,0.7177025079727173,0.2581881880760193,0.3157625198364258,0.03520747646689415,0.30431386828422546,0.25060173869132996,0.3182167112827301,-0.09548873454332352,0.7523230314254761,0.27646857500076294,0.4084494411945343,-0.03205486014485359,0.44258323311805725,0.2685089409351349,0.41903170943260193,-0.1853848248720169,0.7305511236190796
C,0.6999938488006592,0.3774315416812897,-0.04713359847664833,0.998207151889801,0.6502096056938171,0.31879279017448425,0.14557340741157532,0.9964869618415833,0.6468250155448914,0.29444459080696106,-0.17864595353603363,0.9983420968055725,0.6367409825325012,0.4272982180118561,0.21170072257518768,0.29523441195487976,0.6274153590202332,0.44933611154556274,-0.1768980175256729,0.9477850198745728,0.7026844620704651,0.43484190106391907,0.2170223742723465,0.3523956835269928,0.6970451474189758,0.45073506236076355,-0.0532664991915226,0.9403096437454224,0.5068864226341248,0.30945396423339844,0.09514039754867554,0.9984697699546814,0.5070084929466248,0.26811057329177856,-0.09501401335000992,0.9972325563430786,0.39892706274986267,0.35024991631507874,0.027550430968403816,0.19216056168079376,0.39018329977989197,0.32628652453422546,-0.10284924507141113,0.6439841389656067,0.2778559625148773,0.3341905176639557,0.04353247955441475,0.2437979280948639,0.2694493532180786,0.3325127959251404,-0.0840277150273323,0.7070809602737427,0.2578177750110626,0.3211033046245575,0.041672736406326294,0.29740607738494873,0.2502807676792145,0.31970563530921936,-0.08744040876626968,0.7427725791931152,0.2762604057788849,0.4089218080043793,-0.025646397843956947,0.4276478588581085,0.26836106181144714,0.4177721440792084,-0.1768120974302292,0.7182429432868958
C,0.7009275555610657,0.37723737955093384,-0.04579302296042442,0.9981735348701477,0.6506986021995544,0.3220680058002472,0.1476866751909256,0.996341347694397,0.6468414068222046,0.29409080743789673,-0.1736740618944168,0.9982748627662659,0.6367502212524414,0.4278125464916229,0.21324890851974487,0.291286438703537,0.6274821162223816,0.4485626518726349,-0.1707683801651001,0.9473352432250977,0.7025353908538818,0.43503913283348083,0.2185235172510147,0.3477886915206909,0.6970128417015076,0.4507613778114319,-0.05098232626914978,0.9398302435874939,0.5083253383636475,0.3135446310043335,0.09517240524291992,0.9984657764434814,0.5078237652778625,0.26889821887016296,-0.09504403918981552,0.9972048997879028,0.39956292510032654,0.3528037965297699,0.022574814036488533,0.1917601078748703,0.3906979262828827,0.3273710012435913,-0.11020705103874207,0.6351932287216187,0.2778467833995819,0.3348061144351959,0.03691557049751282,0.24029289186000824,0.269557923078537,0.33264440298080444,-0.09209174662828445,0.699463427066803,0.2578718960285187,0.321247935295105,0.034871384501457214,0.2923291325569153,0.2503071427345276,0.320117712020874,-0.09553989768028259,0.7343514561653137,0.2761550843715668,0.41014912724494934,-0.03437749668955803,0.4211486279964447,0.26836690306663513,0.41783273220062256,-0.18802203238010406,0.7119547724723816
C,0.7023251056671143,0.37707576155662537,-0.052070777863264084,0.9981815814971924,0.6514634490013123,0.32460758090019226,0.14223474264144897,0.9963228702545166,0.6468740105628967,0.29282239079475403,-0.17734180390834808,0.9981966614723206,0.6369532942771912,0.42875924706459045,0.2047039270401001,0.29852357506752014,0.6273917555809021,0.44764479994773865,-0.1745091825723648,0.9474304914474487,0.7032375335693359,0.43541961908340454,0.20490384101867676,0.3586423099040985,0.6969217658042908,0.4509430229663849,-0.05817350745201111,0.9399626851081848,0.5093165040016174,0.31571924686431885,0.09508442878723145,0.9984229207038879,0.5084333419799805,0.26957178115844727,-0.09495862573385239,0.9971158504486084,0.4004073441028595,0.3536228835582733,0.02205081470310688,0.1934933066368103,0.39109158515930176,0.3288763165473938,-0.11061432212591171,0.6254353523254395,0.2781369686126709,0.3351527452468872,0.03835009038448334,0.2367805689573288,0.2697606682777405,0.3326781690120697,-0.09221891313791275,0.6883695125579834,0.2582155764102936,0.3212854564189911,0.036524947732686996,0.2857048809528351,0.2503460943698883,0.3196512758731842,-0.09575273841619492,0.7215595841407776,0.2762686014175415,0.41041234135627747,-0.032578252255916595,0.4143761992454529,0.2684028148651123,0.4178623557090759,-0.18787473440170288,0.7012938261032104
C,0.7025715708732605,0.3763047754764557,-0.06404165178537369,0.9981856942176819,0.6515175700187683,0.32422003149986267,0.13097061216831207,0.9962204098701477,0.6463026404380798,0.2925737798213959,-0.18639303743839264,0.9980694055557251,0.6370545029640198,0.4288766384124756,0.19490455090999603,0.30046769976615906,0.6271847486495972,0.4476650655269623,-0.18456684052944183,0.9467906951904297,0.7034230828285217,0.43538928031921387,0.19568085670471191,0.36595186591148376,0.6969394087791443,0.4509519338607788,-0.07174995541572571,0.9403839707374573,0.5093126893043518,0.3156144320964813,0.09479781985282898,0.9983903169631958,0.5083277821540833,0.27011042833328247,-0.09467963129281998,0.9970401525497437,0.4002634584903717,0.353350967168808,0.02497316710650921,0.19536112248897552,0.3910846412181854,0.3292614221572876,-0.10601241141557693,0.6273438334465027,0.2779841721057892,0.3349945545196533,0.04181967303156853,0.23767614364624023,0.2695586383342743,0.33262899518013,-0.08680536597967148,0.6883137822151184,0.2579931318759918,0.3209694027900696,0.04015820845961571,0.28515034914016724,0.25003722310066223,0.3193115293979645,-0.09034386277198792,0.7184138894081116,0.2763116657733917,0.41039255261421204,-0.02750379778444767,0.414671391248703,0.2684473693370819,0.41785627603530884,-0.1812838464975357,0.6991755962371826
C,0.7024217247962952,0.37561309337615967,-0.029007531702518463,0.9983444809913635,0.6507108211517334,0.32213786244392395,0.15563301742076874,0.9964569807052612,0.6463603973388672,0.2911439538002014,-0.15571589767932892,0.99819415807724,0.6371356844902039,0.42843279242515564,0.213542640209198,0.31210097670555115,0.6272115111351013,0.4473399519920349,-0.15554086863994598,0.9469749927520752,0.7031460404396057,0.4352806806564331,0.2134438008069992,0.38267868757247925,0.696918785572052,0.450939804315567,-0.04405231773853302,0.9412071704864502,0.5087546706199646,0.31428253650665283,0.09378481656312943,0.9984625577926636,0.5082405209541321,0.2699897289276123,-0.0936630591750145,0.9971930384635925,0.400041788816452,0.3525368273258209,0.021152356639504433,0.19329872727394104,0.39090344309806824,0.3289836645126343,-0.1045609638094902,0.6286543011665344,0.2778897285461426,0.3347538113594055,0.031252678483724594,0.23793552815914154,0.26940324902534485,0.33257386088371277,-0.09239035099744797,0.6909216046333313,0.2577238976955414,0.3205457627773285,0.028950052335858345,0.28625890612602234,0.2496601790189743,0.3192167282104492,-0.09640153497457504,0.7214371562004089,0.2762336730957031,0.4103350043296814,-0.039559077471494675,0.4181726574897766,0.26830747723579407,0.4179500341415405,-0.18615871667861938,0.7022458910942078
C,0.7023232579231262,0.37457025051116943,-0.035325463861227036,0.9984360337257385,0.650592565536499,0.3220575153827667,0.15222187340259552,0.9966157078742981,0.6461976766586304,0.289110004901886,-0.16158857941627502,0.9982531070709229,0.6372373104095459,0.4282628893852234,0.21093176305294037,0.3216785788536072,0.6272439956665039,0.44699612259864807,-0.16019493341445923,0.9475515484809875,0.7029041647911072,0.43531644344329834,0.2090844064950943,0.39598044753074646,0.69693922996521,0.4509696364402771,-0.04743574932217598,0.9423646926879883,0.5087829828262329,0.3141975402832031,0.09353483468294144,0.9985106587409973,0.5082604289054871,0.26976078748703003,-0.09341027587652206,0.9973046779632568,0.3996335566043854,0.351953387260437,0.02023187093436718,0.192143976688385,0.3908323347568512,0.3288993537425995,-0.10557156801223755,0.6294847130775452,0.27770063281059265,0.3345493674278259,0.03116745501756668,0.2387746274471283,0.2693353295326233,0.3325273394584656,-0.09303000569343567,0.693970799446106,0.25745531916618347,0.32042956352233887,0.028997255489230156,0.2873428761959076,0.24918030202388763,0.3194853961467743,-0.09709671139717102,0.724849283695221,0.2759914696216583,0.41041702032089233,-0.03972147777676582,0.42180517315864563,0.26809006929397583,0.41806575655937195,-0.18791741132736206,0.7055962681770325
C,0.7024138569831848,0.37338486313819885,-0.032633695751428604,0.9984995722770691,0.6504047513008118,0.3182263672351837,0.15636412799358368,0.9966118335723877,0.6461921334266663,0.2894812226295471,-0.16978400945663452,0.9983218908309937,0.6372993588447571,0.42731010913848877,0.22058461606502533,0.31683149933815,0.6274324059486389,0.446491003036499,-0.1696692258119583,0.9494417309761047,0.7016602158546448,0.43500474095344543,0.22668816149234772,0.3944397270679474,0.6969757676124573,0.4511713683605194,-0.055081773549318314,0.9445760846138,0.5082748532295227,0.31103578209877014,0.09474294632673264,0.9985626339912415,0.5080146193504333,0.2696463167667389,-0.09459850192070007,0.997411847114563,0.3987692594528198,0.3511727750301361,0.025494463741779327,0.19292378425598145,0.3908763825893402,0.3292296826839447,-0.1059282124042511,0.6428456902503967,0.27713742852211,0.3343435525894165,0.04280676320195198,0.2419874370098114,0.2693236172199249,0.33255213499069214,-0.09037569165229797,0.7063024044036865,0.25728097558021545,0.3201509416103363,0.04125387594103813,0.2935282289981842,0.24918711185455322,0.31976318359375,-0.09415456652641296,0.7364386916160583,0.27537834644317627,0.41049352288246155,-0.027411146089434624,0.4260062873363495,0.2679312229156494,0.4182283878326416,-0.18519264459609985,0.7152127027511597
C,0.702586829662323,0.37323135137557983,-0.04834136739373207,0.9985216856002808,0.6503114700317383,0.3178752660751343,0.1514510214328766,0.9967259168624878,0.6461276412010193,0.2904971241950989,-0.18737708032131195,0.9983795285224915,0.6372606158256531,0.4269425868988037,0.2196730524301529,0.32367873191833496,0.6275026798248291,0.44663235545158386,-0.19051454961299896,0.951327383518219,0.7008464336395264,0.43469735980033875,0.22340452671051025,0.41022631525993347,0.6969823837280273,0.45132139325141907,-0.08362074941396713,0.9483107328414917,0.5082275867462158,0.31044673919677734,0.09872117638587952,0.9986112713813782,0.5079194903373718,0.26934993267059326,-0.09856479614973068,0.9974561333656311,0.39840492606163025,0.35098183155059814,0.030456140637397766,0.20184408128261566,0.39073705673217773,0.32969221472740173,-0.11040601134300232,0.6620351076126099,0.2767728865146637,0.3340982496738434,0.054072439670562744,0.2530757486820221,0.2692532241344452,0.3326100707054138,-0.09092637896537781,0.7233155369758606,0.257112592458725,0.32006001472473145,0.05310054495930672,0.310445100069046,0.24916183948516846,0.3202819526195526,-0.09436655789613724,0.7512012720108032,0.2753334939479828,0.4103395640850067,-0.016889024525880814,0.43475693464279175,0.26811814308166504,0.41875380277633667,-0.18794302642345428,0.726934015750885
C,0.7028462886810303,0.37470823526382446,-0.04752320423722267,0.9984868764877319,0.6502519845962524,0.3160877823829651,0.14886124432086945,0.9968193769454956,0.6464058756828308,0.2936265468597412,-0.1915144920349121,0.9984186887741089,0.6371986865997314,0.4275629222393036,0.2138792872428894,0.3364081382751465,0.6279970407485962,0.44743093848228455,-0.19769354164600372,0.9523224234580994,0.7016237378120422,0.4345916211605072,0.21153277158737183,0.42883381247520447,0.6978258490562439,0.45201021432876587,-0.09487525373697281,0.9511040449142456,0.5076560378074646,0.30736690759658813,0.09951213747262955,0.9986307621002197,0.5075741410255432,0.2697908580303192,-0.09935358911752701,0.9974428415298462,0.39797666668891907,0.34986284375190735,0.03914940357208252,0.20917516946792603,0.3906693756580353,0.33149483799934387,-0.10017475485801697,0.6861369609832764,0.2764457166194916,0.3339240849018097,0.06365330517292023,0.2636675238609314,0.2689880132675171,0.3326168656349182,-0.08024183660745621,0.7399212121963501,0.2568266689777374,0.31999263167381287,0.06290707737207413,0.33011722564697266,0.2489193081855774,0.32049888372421265,-0.08366362005472183,0.7668335437774658,0.27578431367874146,0.41042613983154297,-0.004215571563690901,0.4435812830924988,0.26880964636802673,0.4187886416912079,-0.173807755112648,0.7364739775657654
C,0.7034883499145508,0.3764461576938629,-0.052245836704969406,0.9981857538223267,0.6510482430458069,0.319184809923172,0.15120621025562286,0.9965282678604126,0.6465285420417786,0.29641106724739075,-0.19559437036514282,0.9982930421829224,0.6368530988693237,0.430519163608551,0.2204761505126953,0.323820561170578,0.6281958222389221,0.4501556158065796,-0.19684988260269165,0.9518247842788696,0.7042818069458008,0.43637940287590027,0.2263949066400528,0.41776832938194275,0.6987921595573425,0.4526476562023163,-0.08676076680421829,0.9499734044075012,0.5076815485954285,0.31371137499809265,0.10069536417722702,0.9985490441322327,0.5073827505111694,0.2708134353160858,-0.10053984075784683,0.9972788095474243,0.39767685532569885,0.3509470224380493,0.03205433115363121,0.21225784718990326,0.3899770677089691,0.33281180262565613,-0.1161588728427887,0.6905072331428528,0.275958389043808,0.3341161012649536,0.05570662394165993,0.26660436391830444,0.26829877495765686,0.3325188457965851,-0.09225483983755112,0.7449837923049927,0.2566334009170532,0.3200482726097107,0.054459813982248306,0.33556437492370605,0.24878942966461182,0.3204605281352997,-0.09538937360048294,0.7697100043296814,0.2757966220378876,0.41070327162742615,-0.01849929802119732,0.44325321912765503,0.26839151978492737,0.41811153292655945,-0.19232071936130524,0.7377637028694153
C,0.7035450339317322,0.378719687461853,-0.051486749202013016,0.9978384971618652,0.6518298983573914,0.32103487849235535,0.15109911561012268,0.9961618185043335,0.6463919281959534,0.29575425386428833,-0.1970326155424118,0.9982137680053711,0.6368779540061951,0.4304666221141815,0.23079508543014526,0.30185577273368835,0.628153920173645,0.44918322563171387,-0.2046387791633606,0.9517313838005066,0.7046197056770325,0.4363337755203247,0.2359459549188614,0.4015166163444519,0.6984825134277344,0.45301273465156555,-0.10241922736167908,0.9502824544906616,0.508172869682312,0.3196437358856201,0.10090509057044983,0.9984669089317322,0.5076841711997986,0.27225202322006226,-0.10074297338724136,0.9971030354499817,0.3975256383419037,0.3534161150455475,0.02784246765077114,0.2181675285100937,0.3898813724517822,0.3344210088253021,-0.12089810520410538,0.6903068423271179,0.27553460001945496,0.33443015813827515,0.0515461228787899,0.27191224694252014,0.26763325929641724,0.33249378204345703,-0.09950574487447739,0.749147891998291,0.2559816241264343,0.32023856043815613,0.050404440611600876,0.34033897519111633,0.24826741218566895,0.32058462500572205,-0.10243255645036697,0.7713302969932556,0.27569472789764404,0.4111744463443756,-0.02312689833343029,0.44659870862960815,0.26810285449028015,0.4179101288318634,-0.19973331689834595,0.7414050102233887
C,0.7034993171691895,0.3808728754520416,-0.04069264605641365,0.9971389174461365,0.6518587470054626,0.3240583539009094,0.1521492749452591,0.9959050416946411,0.645986020565033,0.2942524552345276,-0.18998223543167114,0.9980326890945435,0.6368594765663147,0.43131715059280396,0.22021716833114624,0.29795002937316895,0.6280271410942078,0.44838443398475647,-0.19322331249713898,0.9508417248725891,0.7040738463401794,0.4384932816028595,0.21705780923366547,0.399280846118927,0.6981370449066162,0.45361632108688354,-0.08505988866090775,0.9517486691474915,0.5079936385154724,0.3230088949203491,0.10072528570890427,0.9983250498771667,0.5074785947799683,0.2754507064819336,-0.100556880235672,0.9967636466026306,0.3970459997653961,0.35869354009628296,0.02347990684211254,0.22079432010650635,0.3893022835254669,0.3369021713733673,-0.12905332446098328,0.6748601794242859,0.27525416016578674,0.3347179889678955,0.04385280981659889,0.2678448557853699,0.26746445894241333,0.332758367061615,-0.1083563044667244,0.7390357851982117,0.2555008828639984,0.3206077516078949,0.04225139692425728,0.33716249465942383,0.2475614994764328,0.32137587666511536,-0.1116369366645813,0.7630089521408081,0.2755414843559265,0.41167569160461426,-0.03219354525208473,0.4392245411872864,0.2677369713783264,0.4185822308063507,-0.21147330105304718,0.7324171662330627
C,0.7033019661903381,0.38138294219970703,-0.033974576741456985,0.9968270063400269,0.6520582437515259,0.32562482357025146,0.16010187566280365,0.995800793170929,0.646125078201294,0.2921387553215027,-0.18197846412658691,0.9980064630508423,0.6369190812110901,0.43129536509513855,0.22480253875255585,0.3018670380115509,0.6282327771186829,0.4474908113479614,-0.18707729876041412,0.9514955282211304,0.704021692276001,0.4394029378890991,0.21846036612987518,0.4013036787509918,0.69797682762146,0.4536927044391632,-0.07944246381521225,0.9519534111022949,0.5080621838569641,0.3242359459400177,0.1009519100189209,0.9983206391334534,0.5076660513877869,0.275009423494339,-0.10078469663858414,0.9967212677001953,0.3977600336074829,0.3616761565208435,0.02004571259021759,0.23318792879581451,0.38958442211151123,0.3365870714187622,-0.1331356167793274,0.6757744550704956,0.2756745517253876,0.3349613547325134,0.039885830134153366,0.27739834785461426,0.26766324043273926,0.3329109251499176,-0.11140946298837662,0.7446433901786804,0.2558480203151703,0.3203972578048706,0.03812454640865326,0.3419663906097412,0.24774350225925446,0.3209928274154663,-0.11467769742012024,0.7625734210014343,0.2752891480922699,0.4125174283981323,-0.03718637302517891,0.4488058388233185,0.26730021834373474,0.4189242124557495,-0.2152172327041626,0.7405545711517334
C,0.7031726837158203,0.38145846128463745,-0.03438231348991394,0.9966986179351807,0.652153730392456,0.32589927315711975,0.1603543609380722,0.9958367347717285,0.6463037729263306,0.29151320457458496,-0.1838291734457016,0.9980459213256836,0.6369445323944092,0.4310193359851837,0.22011660039424896,0.30605170130729675,0.6284410953521729,0.4472240209579468,-0.18929129838943481,0.9525133371353149,0.7037675380706787,0.43966957926750183,0.20560447871685028,0.4061127007007599,0.6979634165763855,0.4536787271499634,-0.08262091130018234,0.9531283378601074,0.5082961916923523,0.32467082142829895,0.10150265693664551,0.9983160495758057,0.5080554485321045,0.2747125029563904,-0.10134156793355942,0.9966623783111572,0.39902058243751526,0.36332595348358154,0.02193068154156208,0.24258726835250854,0.38996943831443787,0.3365876376628876,-0.1329110562801361,0.6751301288604736,0.2761017084121704,0.3349798917770386,0.04352116957306862,0.2835027575492859,0.2679730951786041,0.33304914832115173,-0.10963913798332214,0.7423135638237,0.256525456905365,0.3198842406272888,0.041916292160749435,0.34695395827293396,0.24843280017375946,0.3201753795146942,-0.1127329096198082,0.7556238174438477,0.27526795864105225,0.41217920184135437,-0.032399971038103104,0.45227083563804626,0.2672481834888458,0.41900965571403503,-0.21314533054828644,0.7396830916404724
C,0.7028142809867859,0.3819166123867035,-0.043473854660987854,0.9966606497764587,0.6524883508682251,0.32741567492485046,0.1567622870206833,0.9958716034889221,0.6464912295341492,0.29041412472724915,-0.1840888112783432,0.9980754256248474,0.637090265750885,0.4312388598918915,0.1960931271314621,0.30710455775260925,0.6285945773124695,0.4470227062702179,-0.188272163271904,0.9522573351860046,0.7038360238075256,0.44010356068611145,0.16002489626407623,0.4061201512813568,0.697871208190918,0.453672856092453,-0.07834823429584503,0.9526458382606506,0.510845422744751,0.32564595341682434,0.10163647681474686,0.998299777507782,0.5094649195671082,0.27354416251182556,-0.1014905497431755,0.9965686798095703,0.40070685744285583,0.3628004193305969,0.02281048335134983,0.24968917667865753,0.39058199524879456,0.3361662030220032,-0.1317633092403412,0.6684101223945618,0.276908814907074,0.3349202573299408,0.04628796875476837,0.2844655513763428,0.26866990327835083,0.3331928551197052,-0.10717737674713135,0.7324531078338623,0.25764700770378113,0.3190731406211853,0.044778916984796524,0.3442152738571167,0.24949991703033447,0.3200492560863495,-0.1099676564335823,0.7395342588424683,0.2755584418773651,0.41127604246139526,-0.029651643708348274,0.44820451736450195,0.26773306727409363,0.41900813579559326,-0.21090926229953766,0.7306599020957947
C,0.70257169008255,0.3828010857105255,-0.036283671855926514,0.9968119263648987,0.6524345278739929,0.32901012897491455,0.16441063582897186,0.9960193037986755,0.646748960018158,0.2901444435119629,-0.17212200164794922,0.9981066584587097,0.6371615529060364,0.43147608637809753,0.20614582300186157,0.3124251663684845,0.6288420557975769,0.4473659098148346,-0.17699222266674042,0.9517074823379517,0.7038729786872864,0.440962016582489,0.16315726935863495,0.4108581244945526,0.6976732611656189,0.45370620489120483,-0.06519343703985214,0.9517942667007446,0.5109899640083313,0.32600268721580505,0.10076601058244705,0.9983766078948975,0.5098679065704346,0.27184098958969116,-0.10062538832426071,0.9967400431632996,0.40069565176963806,0.36003372073173523,0.014512874186038971,0.25534436106681824,0.3909163177013397,0.33458325266838074,-0.13466966152191162,0.6693880558013916,0.27692362666130066,0.33481529355049133,0.03203368932008743,0.2930290699005127,0.26877012848854065,0.3333841860294342,-0.11528348922729492,0.7416513562202454,0.2576448619365692,0.3191209137439728,0.02987436205148697,0.3477945625782013,0.2492491602897644,0.3206980526447296,-0.1188402995467186,0.7461338639259338,0.27556005120277405,0.41082072257995605,-0.04724738374352455,0.45858296751976013,0.2677343189716339,0.41895291209220886,-0.22048108279705048,0.7416799068450928
C,0.7023692727088928,0.3827020525932312,-0.0340641550719738,0.9971144795417786,0.6519398093223572,0.3308276832103729,0.16653716564178467,0.9960376620292664,0.6467180848121643,0.2897568643093109,-0.1665412038564682,0.9981447458267212,0.6372277140617371,0.4318200647830963,0.19622550904750824,0.32226431369781494,0.6291339993476868,0.44735512137413025,-0.17202754318714142,0.9508740305900574,0.7037689685821533,0.44105052947998047,0.1540735810995102,0.4192461669445038,0.6976444721221924,0.45352479815483093,-0.06038293242454529,0.9502575397491455,0.5105212330818176,0.3269115090370178,0.09971296042203903,0.9984502196311951,0.5097836256027222,0.2707050144672394,-0.09957987070083618,0.996947169303894,0.400561660528183,0.35990482568740845,0.011351549066603184,0.259610652923584,0.3910369575023651,0.33403855562210083,-0.1375950127840042,0.675642728805542,0.27645668387413025,0.3350023627281189,0.027065008878707886,0.29785043001174927,0.2685497999191284,0.33364856243133545,-0.1197974905371666,0.7537341117858887,0.25706911087036133,0.3194080591201782,0.024745268747210503,0.3461112380027771,0.24853886663913727,0.3208484649658203,-0.12348625808954239,0.7539526224136353,0.27550530433654785,0.4107506573200226,-0.05265390872955322,0.46708402037620544,0.2676961421966553,0.4189442992210388,-0.22516870498657227,0.7553145289421082
C,0.7030547261238098,0.3808633089065552,-0.05482606589794159,0.9972603917121887,0.6519199013710022,0.33002203702926636,0.1518227607011795,0.995818018913269,0.6467070579528809,0.29104283452033997,-0.1867593675851822,0.9980851411819458,0.6373572945594788,0.43197596073150635,0.20759247243404388,0.31901049613952637,0.6292002201080322,0.44739291071891785,-0.19368834793567657,0.9520618319511414,0.7037397027015686,0.44113272428512573,0.18691204488277435,0.4155329763889313,0.6980605721473694,0.4535541832447052,-0.08668410778045654,0.9508489966392517,0.5096243023872375,0.32433491945266724,0.09974988549947739,0.9984570741653442,0.5092839002609253,0.27072906494140625,-0.09961514919996262,0.9970044493675232,0.4003117084503174,0.35921043157577515,0.016051484271883965,0.26153627038002014,0.3910646438598633,0.33381131291389465,-0.13267819583415985,0.6845264434814453,0.27616092562675476,0.3349887430667877,0.037453584372997284,0.30402711033821106,0.26845666766166687,0.3337421417236328,-0.10934411734342575,0.7633550763130188,0.2566303312778473,0.31942448019981384,0.035848893225193024,0.35032761096954346,0.2482110857963562,0.3209091126918793,-0.1125180721282959,0.7619396448135376,0.27531731128692627,0.4106273949146271,-0.03994747996330261,0.4748471975326538,0.2675732970237732,0.41886332631111145,-0.2122236043214798,0.7644283771514893
C,0.7033390402793884,0.3803829550743103,-0.05070542171597481,0.9972801208496094,0.6519211530685425,0.3297361433506012,0.1569981575012207,0.9956475496292114,0.6467332243919373,0.2920214831829071,-0.189737007021904,0.998090386390686,0.6372753381729126,0.4320042133331299,0.21638910472393036,0.30948567390441895,0.6292220950126648,0.44724327325820923,-0.196585550904274,0.9524364471435547,0.7039401531219482,0.4410267174243927,0.20637363195419312,0.40585455298423767,0.6981357932090759,0.4535441994667053,-0.09004754573106766,0.9506828188896179,0.5091744065284729,0.32397958636283875,0.10201234370470047,0.9984241127967834,0.5088154673576355,0.2710869610309601,-0.10187596827745438,0.9969508647918701,0.40076303482055664,0.36186155676841736,0.02742384932935238,0.2642655372619629,0.3910495936870575,0.33513787388801575,-0.1304914802312851,0.6881555914878845,0.27634453773498535,0.33498361706733704,0.05429390072822571,0.30614787340164185,0.26844051480293274,0.33371466398239136,-0.10253655910491943,0.7626299262046814,0.2568040192127228,0.3194083869457245,0.053186774253845215,0.3529004156589508,0.2482505440711975,0.320669025182724,-0.10505066066980362,0.7586610913276672,0.2754422128200531,0.4105985164642334,-0.019616374745965004,0.47387823462486267,0.2675875425338745,0.41879984736442566,-0.20352499186992645,0.7625749111175537
C,0.7027799487113953,0.3808581531047821,-0.04823777452111244,0.9971634149551392,0.6518258452415466,0.32986804842948914,0.15493649244308472,0.9954936504364014,0.6466103196144104,0.2927585244178772,-0.19009007513523102,0.9980545043945312,0.6371378302574158,0.4323038160800934,0.22227686643600464,0.3037830889225006,0.6290064454078674,0.44737645983695984,-0.2023627758026123,0.9525303244590759,0.7042257785797119,0.4409637451171875,0.21870677173137665,0.3962525725364685,0.6977443695068359,0.4534737169742584,-0.09214618802070618,0.950468122959137,0.5092109441757202,0.3226972818374634,0.10292764753103256,0.9982997179031372,0.5081536769866943,0.27147263288497925,-0.102793850004673,0.996690034866333,0.40140867233276367,0.36252838373184204,0.03204291686415672,0.26712560653686523,0.39100685715675354,0.33655646443367004,-0.12610147893428802,0.6834534406661987,0.277309387922287,0.33493277430534363,0.06169232726097107,0.3015912175178528,0.2686491906642914,0.3335813581943512,-0.0985400453209877,0.7527793049812317,0.2577453851699829,0.3185134530067444,0.06087291240692139,0.35102880001068115,0.24860358238220215,0.31999707221984863,-0.10112079977989197,0.7475222945213318,0.27603548765182495,0.4105142056941986,-0.010435085743665695,0.46477967500686646,0.26749464869499207,0.4187932312488556,-0.19881679117679596,0.7519585490226746
C,0.7004401683807373,0.38195350766181946,-0.03147430717945099,0.9973810315132141,0.6514624953269958,0.3290964663028717,0.17193591594696045,0.9956522583961487,0.6465967297554016,0.2926407754421234,-0.1708986759185791,0.9981983304023743,0.6371191143989563,0.43199077248573303,0.24650634825229645,0.29955995082855225,0.6290339827537537,0.4473234713077545,-0.1797172576189041,0.9541938304901123,0.7042052149772644,0.4410252273082733,0.2553926706314087,0.38816648721694946,0.6975923180580139,0.45347732305526733,-0.06875131279230118,0.9517972469329834,0.5085949897766113,0.32053810358047485,0.10105890035629272,0.9983875155448914,0.5081955790519714,0.27022042870521545,-0.10089543461799622,0.9969157576560974,0.40014100074768066,0.35769379138946533,0.01747952215373516,0.26540371775627136,0.3909996747970581,0.3344459533691406,-0.12690989673137665,0.6850669384002686,0.27645114064216614,0.33494192361831665,0.035898998379707336,0.3050762712955475,0.2687237560749054,0.3335755169391632,-0.10714596509933472,0.7599206566810608,0.2569737434387207,0.318888783454895,0.033893100917339325,0.3532376289367676,0.24863077700138092,0.3201833665370941,-0.11053285747766495,0.7582707405090332,0.27516475319862366,0.4104158282279968,-0.042080461978912354,0.46994465589523315,0.2673821747303009,0.4184839725494385,-0.20830202102661133,0.7597026824951172
C,0.699437141418457,0.3827522397041321,-0.04027142748236656,0.9975875020027161,0.6513262987136841,0.32945892214775085,0.16184018552303314,0.9955494999885559,0.6465550661087036,0.29285165667533875,-0.17684389650821686,0.9983102083206177,0.6373634934425354,0.4312511682510376,0.22866962850093842,0.2869149148464203,0.629294216632843,0.4458327889442444,-0.19075416028499603,0.9565392136573792,0.7044914364814758,0.4411906898021698,0.21637104451656342,0.3747151494026184,0.6976923942565918,0.453374981880188,-0.08950677514076233,0.9531807899475098,0.5071693658828735,0.32019078731536865,0.1002892553806305,0.9984387755393982,0.5072991847991943,0.27047133445739746,-0.10012898594141006,0.9971176385879517,0.3999435603618622,0.35661184787750244,0.017777597531676292,0.2663591802120209,0.39085355401039124,0.3333946764469147,-0.1295630782842636,0.705129086971283,0.2758522927761078,0.335002064704895,0.03683048486709595,0.3135491907596588,0.26796409487724304,0.333687961101532,-0.11193593591451645,0.7818582653999329,0.25613927841186523,0.3192525804042816,0.034889448434114456,0.3583909869194031,0.2475658804178238,0.3202718496322632,-0.11560901254415512,0.7809526324272156,0.2751273810863495,0.4106161892414093,-0.0400514155626297,0.48249170184135437,0.26739177107810974,0.4186233878135681,-0.21430230140686035,0.7796167135238647
C,0.6993491053581238,0.3835355341434479,-0.04049254581332207,0.9976301193237305,0.651323676109314,0.3314368426799774,0.1614443063735962,0.9954137206077576,0.6465294361114502,0.29155826568603516,-0.17602939903736115,0.9983099102973938,0.6373602747917175,0.43160775303840637,0.21757709980010986,0.28620725870132446,0.629304826259613,0.44492897391319275,-0.1900697499513626,0.9573819637298584,0.7051259875297546,0.4412921667098999,0.19682736694812775,0.3719067871570587,0.6977340579032898,0.452914834022522,-0.08849677443504333,0.9531682729721069,0.5072807669639587,0.3222188949584961,0.10031434893608093,0.9984235167503357,0.5073336958885193,0.2704959511756897,-0.1001610979437828,0.9970996975898743,0.40013745427131653,0.35681992769241333,0.01714913547039032,0.26732149720191956,0.3908340632915497,0.33242836594581604,-0.1326882243156433,0.7107504606246948,0.2759151756763458,0.33497899770736694,0.03497272729873657,0.3132147490978241,0.2679152190685272,0.33368614315986633,-0.11485722661018372,0.7863439321517944,0.2561373710632324,0.3192901611328125,0.03281592205166817,0.35693737864494324,0.24743793904781342,0.3202601671218872,-0.11845346540212631,0.7838866114616394,0.2751373052597046,0.41059213876724243,-0.04274255037307739,0.483843058347702,0.2673717439174652,0.41871052980422974,-0.21920926868915558,0.7837257385253906
C,0.6998438239097595,0.3861648738384247,-0.03507028892636299,0.9976832270622253,0.6517100930213928,0.3325471580028534,0.16670508682727814,0.9956719279289246,0.6466600894927979,0.2928217649459839,-0.1747686117887497,0.9983311295509338,0.6377338767051697,0.43221917748451233,0.24093429744243622,0.28494560718536377,0.629174530506134,0.44537967443466187,-0.1825893372297287,0.9566828012466431,0.7062864303588867,0.44113171100616455,0.2491295486688614,0.36516132950782776,0.6974069476127625,0.4527299106121063,-0.07243409752845764,0.9520183801651001,0.5111047029495239,0.3247189223766327,0.10038218647241592,0.9984531402587891,0.5101889371871948,0.2721390724182129,-0.10022839158773422,0.9970771670341492,0.4008919298648834,0.3577018976211548,0.017025567591190338,0.265034943819046,0.39140698313713074,0.33277609944343567,-0.13041545450687408,0.6956265568733215,0.27771279215812683,0.3347630202770233,0.03513169661164284,0.3095548450946808,0.2696602940559387,0.33336129784584045,-0.10773193836212158,0.7740632891654968,0.25770923495292664,0.3186897933483124,0.0329945906996727,0.353448748588562,0.24974162876605988,0.3196891248226166,-0.11076337844133377,0.7733573913574219,0.2751864492893219,0.4104956388473511,-0.043436530977487564,0.4780753254890442,0.2676183879375458,0.4181272089481354,-0.20889459550380707,0.7734273672103882
C,0.7003710269927979,0.38738325238227844,-0.032665152102708817,0.9973037242889404,0.6526386141777039,0.3335404694080353,0.1672302931547165,0.9956552386283875,0.6470312476158142,0.29306501150131226,-0.17799001932144165,0.9982640147209167,0.6375071406364441,0.43338847160339355,0.23940931260585785,0.2786860167980194,0.6289145350456238,0.4464792311191559,-0.1825190782546997,0.9551836848258972,0.7064557671546936,0.44150713086128235,0.24153131246566772,0.35557639598846436,0.697363555431366,0.45258134603500366,-0.06709898263216019,0.9512630105018616,0.5126653909683228,0.32951605319976807,0.10075800865888596,0.9983561038970947,0.5115602016448975,0.2742263972759247,-0.10060423612594604,0.9968276023864746,0.4023813009262085,0.3610912263393402,0.018155613914132118,0.2592686414718628,0.39235225319862366,0.3335173428058624,-0.13424424827098846,0.6693015694618225,0.27944710850715637,0.33456459641456604,0.03720889240503311,0.2993488609790802,0.2711227238178253,0.3330913484096527,-0.10986384004354477,0.7537477016448975,0.25929874181747437,0.31737351417541504,0.03519279509782791,0.3461502492427826,0.2515081465244293,0.31864452362060547,-0.11256041377782822,0.7572896480560303,0.27556857466697693,0.4101150333881378,-0.03977653384208679,0.4641720652580261,0.26801571249961853,0.4179121255874634,-0.21240194141864777,0.7560165524482727
C,0.7009472250938416,0.3879375457763672,-0.005633354652673006,0.9974324703216553,0.6524816751480103,0.3341881036758423,0.1854831427335739,0.9961144924163818,0.6474927067756653,0.294895738363266,-0.15074576437473297,0.9983339905738831,0.636044442653656,0.4365071654319763,0.25284767150878906,0.2963730990886688,0.6287317872047424,0.44796139001846313,-0.1581610143184662,0.9539855718612671,0.7064473628997803,0.4419201612472534,0.25745853781700134,0.37882697582244873,0.6965435147285461,0.4530803859233856,-0.044844601303339005,0.9515461921691895,0.5120530724525452,0.3293943405151367,0.09837421029806137,0.998462975025177,0.5118827223777771,0.2747569680213928,-0.09819388389587402,0.9970462918281555,0.4012594223022461,0.35945969820022583,0.010008147917687893,0.24946199357509613,0.3928487300872803,0.3336288332939148,-0.13275419175624847,0.6634438037872314,0.27809813618659973,0.3348831832408905,0.022873831912875175,0.2937993109226227,0.27101799845695496,0.3331422209739685,-0.11926130205392838,0.7591566443443298,0.2584318518638611,0.3185107707977295,0.02026963420212269,0.3433464467525482,0.25135329365730286,0.31881576776504517,-0.12287718057632446,0.7695819735527039,0.2751164138317108,0.4103776216506958,-0.05615491047501564,0.4665246605873108,0.26790615916252136,0.41759738326072693,-0.22112159430980682,0.7636759281158447
C,0.7003650665283203,0.386972576379776,-0.01085361186414957,0.9976285696029663,0.6519353985786438,0.331063836812973,0.1835007220506668,0.9962197542190552,0.6476501822471619,0.2949311435222626,-0.15545585751533508,0.9984425902366638,0.6357342600822449,0.43055492639541626,0.25926145911216736,0.2899300456047058,0.6291835904121399,0.4477425217628479,-0.1649734228849411,0.9546579122543335,0.7049915790557861,0.4408825635910034,0.27078697085380554,0.3805691599845886,0.6962761878967285,0.45349475741386414,-0.05289311334490776,0.9525976181030273,0.5111135840415955,0.32996317744255066,0.0976240411400795,0.998500645160675,0.5114100575447083,0.2744925022125244,-0.09745878726243973,0.997243344783783,0.40092703700065613,0.35926806926727295,0.015879390761256218,0.2505492568016052,0.39279067516326904,0.33363261818885803,-0.12577258050441742,0.6721365451812744,0.27685582637786865,0.3353912830352783,0.032357070595026016,0.3017949163913727,0.26992008090019226,0.33318111300468445,-0.11212830990552902,0.7741627097129822,0.256757527589798,0.32041987776756287,0.03007056564092636,0.35106703639030457,0.25004342198371887,0.319204181432724,-0.1158754900097847,0.7840474843978882,0.2750197947025299,0.41085898876190186,-0.0434516966342926,0.4800550937652588,0.26773539185523987,0.4175260365009308,-0.21079353988170624,0.7786294221878052
C,0.7001063227653503,0.3863828480243683,-0.021760553121566772,0.9977211952209473,0.6509029269218445,0.32525894045829773,0.17556923627853394,0.9960832595825195,0.6477034091949463,0.2964245080947876,-0.16528810560703278,0.9985732436180115,0.6349356770515442,0.4250642955303192,0.25543296337127686,0.2717982828617096,0.6293716430664062,0.4484182298183441,-0.17325924336910248,0.9550514221191406,0.702090322971344,0.4374256730079651,0.2647063732147217,0.3676583170890808,0.6969162821769714,0.4537772536277771,-0.055945973843336105,0.953709602355957,0.5093611478805542,0.32842472195625305,0.09872507303953171,0.9984310269355774,0.5102287530899048,0.27458375692367554,-0.09858915209770203,0.9972479343414307,0.40109655261039734,0.35926464200019836,0.024196764454245567,0.2534860074520111,0.3923509418964386,0.33448198437690735,-0.1202140524983406,0.6782216429710388,0.2761731445789337,0.33486121892929077,0.04379141703248024,0.31006544828414917,0.26812782883644104,0.3330211937427521,-0.10267952084541321,0.7783706784248352,0.25599977374076843,0.3180955946445465,0.04191623255610466,0.3609578013420105,0.24874085187911987,0.3191896080970764,-0.1061086431145668,0.7862300276756287,0.2750490605831146,0.4106596112251282,-0.02975132130086422,0.4888499081134796,0.26742953062057495,0.4173366129398346,-0.20110929012298584,0.7821944355964661
C,0.7000167369842529,0.3861590027809143,-0.023150527849793434,0.9978285431861877,0.650443971157074,0.32341426610946655,0.1744546741247177,0.9960399866104126,0.6477802991867065,0.29863420128822327,-0.16414953768253326,0.9986588954925537,0.6345104575157166,0.4227016866207123,0.2500559091567993,0.25900545716285706,0.6294738054275513,0.4489137828350067,-0.16738809645175934,0.9539152383804321,0.7012307643890381,0.43589502573013306,0.2627336084842682,0.35863035917282104,0.6971599459648132,0.45403391122817993,-0.04545259848237038,0.9525123238563538,0.5087681412696838,0.32753270864486694,0.09883543848991394,0.9983859658241272,0.5098893046379089,0.27527907490730286,-0.09870258718729019,0.9972759485244751,0.4009166657924652,0.3590015769004822,0.024970775470137596,0.2511541247367859,0.39193224906921387,0.33493125438690186,-0.11678999662399292,0.6839076280593872,0.27567213773727417,0.3346092402935028,0.04388590157032013,0.312625527381897,0.26731881499290466,0.3331758677959442,-0.10192570835351944,0.782524824142456,0.2554170489311218,0.3178127110004425,0.04190898314118385,0.3637441098690033,0.24781538546085358,0.3200858533382416,-0.1056215837597847,0.7902572751045227,0.275206983089447,0.4108014702796936,-0.029852109029889107,0.4929996132850647,0.2674635350704193,0.417648583650589,-0.19916261732578278,0.7849906086921692
C,0.6999593377113342,0.38637635111808777,-0.03915436193346977,0.9979641437530518,0.6490016579627991,0.31916892528533936,0.16267962753772736,0.9958683252334595,0.6477673649787903,0.30004191398620605,-0.17731569707393646,0.9987264275550842,0.6343503594398499,0.4222852289676666,0.2381582111120224,0.2563253343105316,0.6294845938682556,0.4490172863006592,-0.1845322698354721,0.954038679599762,0.701216459274292,0.4356837868690491,0.25119146704673767,0.35056978464126587,0.6985796093940735,0.4549490213394165,-0.06462294608354568,0.951054573059082,0.5062703490257263,0.3226810395717621,0.09855195134878159,0.9983341693878174,0.5077844262123108,0.27557188272476196,-0.09841415286064148,0.9973196983337402,0.39964914321899414,0.3576550781726837,0.026071876287460327,0.25072261691093445,0.39102137088775635,0.334619402885437,-0.11401111632585526,0.6937413215637207,0.27494361996650696,0.3345414698123932,0.04670203849673271,0.3197958171367645,0.2667042911052704,0.3332270383834839,-0.0965612456202507,0.793383777141571,0.25459641218185425,0.3168213665485382,0.04503027722239494,0.3695676028728485,0.2472829669713974,0.3198455572128296,-0.10030826181173325,0.8029608130455017,0.2746247351169586,0.41096580028533936,-0.026841046288609505,0.5031880140304565,0.26643744111061096,0.41756269335746765,-0.1936216503381729,0.7931686043739319
C,0.6992578506469727,0.3867743909358978,-0.03786799684166908,0.9981868863105774,0.6490837335586548,0.3240818381309509,0.16489483416080475,0.9958794116973877,0.6473225951194763,0.29660236835479736,-0.1709740310907364,0.9987715482711792,0.6350077986717224,0.4248339831829071,0.2463330179452896,0.25939229130744934,0.6295008063316345,0.4491329491138458,-0.18106289207935333,0.9553394913673401,0.7043798565864563,0.4358809292316437,0.264555960893631,0.3419514000415802,0.6978163123130798,0.45504432916641235,-0.06405594199895859,0.9499790072441101,0.5056357979774475,0.32009410858154297,0.09787916392087936,0.9984376430511475,0.5071543455123901,0.2720172107219696,-0.09772888571023941,0.9975254535675049,0.39802563190460205,0.3553418815135956,0.015575125813484192,0.24635358154773712,0.3896726667881012,0.331969290971756,-0.12226923555135727,0.6976702809333801,0.27326852083206177,0.3343704342842102,0.029317358508706093,0.3164561092853546,0.26546430587768555,0.3330235183238983,-0.1101980209350586,0.8033439517021179,0.2528820335865021,0.31701675057411194,0.02689816616475582,0.36151644587516785,0.24561381340026855,0.32002317905426025,-0.11443060636520386,0.8154383897781372,0.2737714350223541,0.41102907061576843,-0.048069845885038376,0.5046907663345337,0.26566168665885925,0.4170304834842682,-0.20987938344478607,0.803259015083313
C,0.6988124847412109,0.38685423135757446,-0.06947968155145645,0.9981675148010254,0.6496517062187195,0.32515156269073486,0.14707143604755402,0.9954620003700256,0.6464138031005859,0.29359495639801025,-0.19827331602573395,0.9985705614089966,0.636311948299408,0.4243803322315216,0.23355478048324585,0.239573672413826,0.6304071545600891,0.44768357276916504,-0.21677784621715546,0.9552834630012512,0.7076820731163025,0.43766891956329346,0.2558290660381317,0.32370519638061523,0.7005478739738464,0.4549126923084259,-0.12172742933034897,0.9474084377288818,0.5047035813331604,0.3137868344783783,0.10119739174842834,0.9984475374221802,0.5054234862327576,0.26445141434669495,-0.10109036415815353,0.9974493980407715,0.3976784944534302,0.3484889268875122,0.025344496592879295,0.23793767392635345,0.3885885179042816,0.32915520668029785,-0.11752241849899292,0.6888286471366882,0.2747538983821869,0.3340160846710205,0.0472492091357708,0.30044808983802795,0.2661586403846741,0.334126353263855,-0.09484792500734329,0.7866274118423462,0.25416865944862366,0.319560170173645,0.04569091275334358,0.34275802969932556,0.24614554643630981,0.32348504662513733,-0.09842097759246826,0.8021775484085083,0.2753535807132721,0.41055652499198914,-0.027688734233379364,0.4766717553138733,0.26921001076698303,0.4200820326805115,-0.19449889659881592,0.7854894995689392
H,0.6645787954330444,0.38315197825431824,0.04107362776994705,0.999441385269165,0.645166277885437,0.2837931513786316,0.14900599420070648,0.9876307249069214,0.6494914889335632,0.32183802127838135,-0.07858412712812424,0.9994084239006042,0.6531999707221985,0.37984326481819153,0.26368388533592224,0.28715673089027405,0.6600584387779236,0.43846163153648376,-0.08525065332651138,0.9517667293548584,0.7047669291496277,0.4096519649028778,0.3237254321575165,0.25817668437957764,0.7214997410774231,0.4424484372138977,0.03878043591976166,0.9012808799743652,0.52471524477005,0.12139253318309784,0.08258756250143051,0.9985741376876831,0.5177552700042725,0.13825559616088867,-0.08242888003587723,0.999504804611206,0.4480953514575958,0.2737027108669281,0.10285971313714981,0.17166011035442352,0.43959546089172363,0.2858133614063263,-0.04573455825448036,0.9764640927314758,0.3337204158306122,0.33070245385169983,0.13344818353652954,0.22351117432117462,0.3205924928188324,0.33816152811050415,-0.022255271673202515,0.9661386013031006,0.30936262011528015,0.32473331689834595,0.1348130851984024,0.30494534969329834,0.29902157187461853,0.3293878734111786,-0.02066718228161335,0.9666065573692322,0.34027740359306335,0.41943514347076416,0.11802013963460922,0.3681700527667999,0.32983994483947754,0.4354069232940674,-0.052969057112932205,0.9552058577537537
H,0.6653875112533569,0.383401095867157,0.03898818790912628,0.9994403123855591,0.646564781665802,0.28382375836372375,0.14483341574668884,0.9863484501838684,0.6498188376426697,0.32207435369491577,-0.08110036700963974,0.9993779063224792,0.6535261869430542,0.3798675835132599,0.2562057077884674,0.28295668959617615,0.6598812341690063,0.4384780526161194,-0.08797115832567215,0.949532687664032,0.7057357430458069,0.4103362262248993,0.31108272075653076,0.25004473328590393,0.7214698195457458,0.44225841760635376,0.03271196037530899,0.8960574269294739,0.5269550085067749,0.12074948847293854,0.08188415318727493,0.9984796047210693,0.5183650851249695,0.13787218928337097,-0.08171074837446213,0.9995084404945374,0.4504295289516449,0.2691093981266022,0.10615459829568863,0.17210276424884796,0.4384898245334625,0.2808503210544586,-0.04577969014644623,0.9793745875358582,0.3340310752391815,0.33249780535697937,0.14091584086418152,0.2201293408870697,0.3197941780090332,0.3390863239765167,-0.025583675131201744,0.9679886698722839,0.3090902268886566,0.32643961906433105,0.14247365295886993,0.3010388910770416,0.29782408475875854,0.3298965096473694,-0.024657586589455605,0.9682314991950989,0.3432060778141022,0.4187893271446228,0.1260853111743927,0.36106497049331665,0.3302321135997772,0.4337562024593353,-0.05987447127699852,0.9564778208732605
H,0.6656319499015808,0.38627129793167114,0.03782380372285843,0.9994614720344543,0.6466149091720581,0.28547945618629456,0.14703619480133057,0.9853671789169312,0.6500506401062012,0.32250913977622986,-0.08248293399810791,0.9993662238121033,0.6556321978569031,0.3847355246543884,0.2630930244922638,0.2829149663448334,0.6605651378631592,0.4391148090362549,-0.08946866542100906,0.9503076076507568,0.7079627513885498,0.4115479290485382,0.32800689339637756,0.24073179066181183,0.7215568423271179,0.44221580028533936,0.032733816653490067,0.8925748467445374,0.5282799005508423,0.12182170152664185,0.08409620076417923,0.9982330799102783,0.5200600624084473,0.13743063807487488,-0.0838826522231102,0.9994642734527588,0.4506787061691284,0.26914554834365845,0.09856437891721725,0.1748327910900116,0.43745625019073486,0.2792927920818329,-0.057073403149843216,0.9811840653419495,0.33092066645622253,0.3361583650112152,0.12225707620382309,0.22183044254779816,0.31890392303466797,0.3406546115875244,-0.05203874409198761,0.9702156782150269,0.30751439929008484,0.3293866515159607,0.12247104197740555,0.30374565720558167,0.2967265546321869,0.3304855525493622,-0.05288142338395119,0.9705957174301147,0.3414129912853241,0.42137542366981506,0.10117823630571365,0.36168959736824036,0.3291018307209015,0.4336603581905365,-0.09429534524679184,0.9587991833686829
H,0.6633602976799011,0.39016419649124146,0.03825364634394646,0.9994935989379883,0.6459246873855591,0.2872328758239746,0.15110869705677032,0.9850394129753113,0.6490745544433594,0.3231304883956909,-0.08659914880990982,0.9993874430656433,0.6562933325767517,0.39043042063713074,0.2723647952079773,0.2813190221786499,0.6605492830276489,0.44019782543182373,-0.09529570490121841,0.951435387134552,0.7093270421028137,0.4136852025985718,0.33721503615379333,0.22950075566768646,0.7211316227912903,0.4421502649784088,0.03580702468752861,0.8873834609985352,0.5287410020828247,0.12216029316186905,0.08834565430879593,0.9980756640434265,0.521571695804596,0.13719305396080017,-0.08812728524208069,0.9994611144065857,0.45034852623939514,0.2687571942806244,0.10604039579629898,0.17538674175739288,0.4355858564376831,0.2778446078300476,-0.06348558515310287,0.9830210208892822,0.329154908657074,0.3384524881839752,0.12440380454063416,0.22434833645820618,0.31781747937202454,0.34186458587646484,-0.0645245760679245,0.9735715985298157,0.3065356910228729,0.33056724071502686,0.12362118810415268,0.3063570559024811,0.2957518398761749,0.3306100070476532,-0.06622306257486343,0.9740422368049622,0.3407510817050934,0.4205418825149536,0.09824421256780624,0.3619120717048645,0.3282802700996399,0.4328582286834717,-0.11153072118759155,0.9625908136367798
H,0.6599062085151672,0.39227089285850525,0.03864588961005211,0.999481201171875,0.6453143954277039,0.2880661189556122,0.1516866534948349,0.9842015504837036,0.6485109925270081,0.3236074447631836,-0.08702114969491959,0.9993889927864075,0.656363308429718,0.39202767610549927,0.2754182517528534,0.27525416016578674,0.6605239510536194,0.44137269258499146,-0.0962405577301979,0.9516429305076599,0.709674060344696,0.414139986038208,0.34105241298675537,0.21447962522506714,0.7206051349639893,0.44217225909233093,0.03894989565014839,0.8805482387542725,0.528741180896759,0.12215185165405273,0.09146454185247421,0.9980000257492065,0.5217279195785522,0.13709047436714172,-0.09123584628105164,0.999471127986908,0.44694820046424866,0.26844048500061035,0.12621952593326569,0.17442597448825836,0.43347859382629395,0.27754026651382446,-0.06943580508232117,0.9844276905059814,0.32859161496162415,0.3384779393672943,0.1686389446258545,0.22264057397842407,0.3173154890537262,0.34250062704086304,-0.08436953276395798,0.9762037992477417,0.3063219487667084,0.3302876651287079,0.17081302404403687,0.3016126751899719,0.2955225706100464,0.3307800889015198,-0.08752086758613586,0.976618230342865,0.34003594517707825,0.42042848467826843,0.1517154723405838,0.35626548528671265,0.3270138204097748,0.43462109565734863,-0.1337534338235855,0.9655188918113708
H,0.6582119464874268,0.3944000005722046,0.0340111069381237,0.9994894862174988,0.6444199085235596,0.29111334681510925,0.14318697154521942,0.983256459236145,0.6475993394851685,0.3236503303050995,-0.08766910433769226,0.9993788599967957,0.656574547290802,0.39667803049087524,0.2599591314792633,0.27232626080513,0.6606845855712891,0.44213879108428955,-0.09836024045944214,0.9526094794273376,0.7100501656532288,0.41643843054771423,0.3197802007198334,0.20238161087036133,0.7204789519309998,0.44218146800994873,0.03061908669769764,0.8732273578643799,0.5288444757461548,0.12797531485557556,0.09182540327310562,0.997887134552002,0.5212364792823792,0.13573668897151947,-0.09159120172262192,0.9994857907295227,0.45058581233024597,0.27213093638420105,0.12449448555707932,0.18577352166175842,0.43451377749443054,0.2775648236274719,-0.07332804799079895,0.9867793321609497,0.33140844106674194,0.3383718430995941,0.16042886674404144,0.2346748560667038,0.3172699809074402,0.34265539050102234,-0.09056392312049866,0.9799433946609497,0.30915433168411255,0.33020541071891785,0.1611776202917099,0.3048507571220398,0.2954943776130676,0.33109772205352783,-0.09432435780763626,0.9796657562255859,0.34065183997154236,0.41979530453681946,0.13743580877780914,0.3638536036014557,0.3250163495540619,0.4358627498149872,-0.1437961757183075,0.9698987007141113
H,0.6539232134819031,0.39534518122673035,0.029793160036206245,0.9994959235191345,0.6430864930152893,0.2924604117870331,0.14098957180976868,0.9833683967590332,0.6460911631584167,0.3234885632991791,-0.08966245502233505,0.9993691444396973,0.6564052700996399,0.39936232566833496,0.2536343038082123,0.276897668838501,0.6604633927345276,0.4422329366207123,-0.10330307483673096,0.9544013142585754,0.7101612687110901,0.41965731978416443,0.3039914667606354,0.20043762028217316,0.7202711701393127,0.44223225116729736,0.02547943778336048,0.8703516721725464,0.5278213620185852,0.12965883314609528,0.09139510989189148,0.997846245765686,0.519838273525238,0.1354721337556839,-0.0911656990647316,0.9994655847549438,0.4472942352294922,0.2746507525444031,0.11513765901327133,0.19824156165122986,0.4338076114654541,0.27892670035362244,-0.07224839180707932,0.9881429076194763,0.3283768594264984,0.33853551745414734,0.14441826939582825,0.2506885528564453,0.31671592593193054,0.34344983100891113,-0.08043456822633743,0.9821469783782959,0.3058716058731079,0.3302449882030487,0.14479611814022064,0.31684115529060364,0.2946377694606781,0.33306562900543213,-0.08277280628681183,0.981445848941803,0.33942148089408875,0.41894906759262085,0.12032759934663773,0.37906256318092346,0.32609760761260986,0.4338071048259735,-0.12915323674678802,0.9726633429527283
H,0.6516968011856079,0.3959035575389862,0.028670527040958405,0.9994850754737854,0.6425186991691589,0.292269229888916,0.14289385080337524,0.9836949110031128,0.6455817818641663,0.3227652311325073,-0.09589681774377823,0.9993743896484375,0.6555274128913879,0.3999197483062744,0.2589647173881531,0.27674388885498047,0.6599805951118469,0.44243308901786804,-0.112591952085495,0.9556124806404114,0.7098941802978516,0.4207548499107361,0.3069969713687897,0.19599102437496185,0.7198188304901123,0.4424324333667755,0.020062653347849846,0.8691731095314026,0.5264701247215271,0.1289341151714325,0.09389764070510864,0.9978739023208618,0.5185473561286926,0.13526035845279694,-0.09366749972105026,0.9994603395462036,0.44570526480674744,0.27424824237823486,0.11817561835050583,0.19985951483249664,0.43249383568763733,0.2788277268409729,-0.0737917348742485,0.9886533617973328,0.3276108503341675,0.3382421135902405,0.15065285563468933,0.2559441328048706,0.3164885342121124,0.3436335027217865,-0.07964395731687546,0.9831556677818298,0.3050433099269867,0.330046147108078,0.15150003135204315,0.3209364116191864,0.2945120334625244,0.33380046486854553,-0.08180772513151169,0.9823703765869141,0.33891192078590393,0.4168875217437744,0.12677350640296936,0.38349369168281555,0.3268910348415375,0.4321087598800659,-0.1293225735425949,0.973893940448761
H,0.651360809803009,0.3963348865509033,0.02846965380012989,0.9995073676109314,0.6421803832054138,0.29254573583602905,0.14181917905807495,0.9843824505805969,0.6454182267189026,0.32256197929382324,-0.09388414025306702,0.9993936419487,0.6552734971046448,0.39993488788604736,0.25268885493278503,0.2790493965148926,0.659964919090271,0.4428926408290863,-0.1095670685172081,0.9570889472961426,0.7096604704856873,0.4207111597061157,0.29669347405433655,0.19523750245571136,0.7196082472801208,0.4425220787525177,0.020783523097634315,0.8697296380996704,0.526070773601532,0.12875209748744965,0.09301358461380005,0.9979507923126221,0.5181472301483154,0.13555048406124115,-0.09278587251901627,0.9994705319404602,0.445427268743515,0.27495184540748596,0.11694445461034775,0.20628732442855835,0.4336245059967041,0.2804704010486603,-0.07286886125802994,0.9894922971725464,0.3268481194972992,0.3382345736026764,0.14744897186756134,0.26654404401779175,0.3164025843143463,0.3439885377883911,-0.07961702346801758,0.9842400550842285,0.3047269582748413,0.3298931121826172,0.14793993532657623,0.32991889119148254,0.29448333382606506,0.3344131410121918,-0.0819045752286911,0.9832496047019958,0.33829793334007263,0.41663479804992676,0.12530142068862915,0.39466384053230286,0.32674676179885864,0.4320160150527954,-0.12516136467456818,0.9752515554428101
H,0.6513031125068665,0.39649197459220886,0.026625946164131165,0.9995160698890686,0.6420127749443054,0.29240962862968445,0.1396293044090271,0.9851444363594055,0.645009458065033,0.32275012135505676,-0.09326541423797607,0.9994257688522339,0.6551267504692078,0.3998563587665558,0.2510254383087158,0.2752365469932556,0.6600742936134338,0.44306695461273193,-0.1094527617096901,0.9580654501914978,0.7096776366233826,0.42091062664985657,0.29675570130348206,0.19156408309936523,0.7196012139320374,0.4425695836544037,0.023151790723204613,0.8659441471099854,0.524229109287262,0.12841810286045074,0.09271255135536194,0.9981305599212646,0.5169488787651062,0.13710378110408783,-0.09248697757720947,0.9995217323303223,0.4438953399658203,0.2753197252750397,0.1280861645936966,0.20579831302165985,0.43356776237487793,0.282661497592926,-0.0714159682393074,0.9900742173194885,0.32613399624824524,0.3382554352283478,0.1624993532896042,0.2709519565105438,0.3158508837223053,0.34407445788383484,-0.07687527686357498,0.9850243926048279,0.30432114005088806,0.32993030548095703,0.1635439246892929,0.3335811495780945,0.2940845191478729,0.33456847071647644,-0.07883056253194809,0.9836347699165344,0.3380007743835449,0.4166201055049896,0.14346326887607574,0.4004477262496948,0.3267512023448944,0.43181899189949036,-0.1199769601225853,0.976115882396698
H,0.6516662240028381,0.39643892645835876,0.025872809812426567,0.9995259642601013,0.6419033408164978,0.2924236059188843,0.1393882781267166,0.9855148196220398,0.644906222820282,0.3228118419647217,-0.09338351339101791,0.9994398951530457,0.6550374627113342,0.4001850187778473,0.25068199634552,0.27439552545547485,0.6600587368011475,0.44339239597320557,-0.11013927310705185,0.9585830569267273,0.7097130417823792,0.42141690850257874,0.29588082432746887,0.1898721605539322,0.7195340991020203,0.4426315426826477,0.02407795749604702,0.8627687096595764,0.5237890481948853,0.12830832600593567,0.09254470467567444,0.9982216954231262,0.5166971683502197,0.13748763501644135,-0.09231755137443542,0.9995487332344055,0.4435025453567505,0.2753296494483948,0.12706345319747925,0.20676398277282715,0.4330742061138153,0.2827153503894806,-0.07025660574436188,0.9904698133468628,0.3259575068950653,0.3382502794265747,0.15951834619045258,0.2756187915802002,0.3154803216457367,0.34405237436294556,-0.07533370703458786,0.9858042597770691,0.3042583167552948,0.3299255967140198,0.1602735072374344,0.3380916714668274,0.2938249409198761,0.3344109058380127,-0.07734471559524536,0.9841632843017578,0.3383157253265381,0.4166030287742615,0.1379263997077942,0.40648508071899414,0.3266783058643341,0.43172353506088257,-0.12035935372114182,0.9770707488059998
H,0.6544344425201416,0.3958081603050232,0.02520158141851425,0.9995489716529846,0.6420385837554932,0.29291078448295593,0.14017805457115173,0.9860510230064392,0.6452083587646484,0.3222903907299042,-0.0936867892742157,0.9994521737098694,0.6546263098716736,0.4012286365032196,0.2497720867395401,0.2841354310512543,0.6600486636161804,0.44396838545799255,-0.11004509776830673,0.9594900012016296,0.7099327445030212,0.4219512641429901,0.29384109377861023,0.194480761885643,0.7194048762321472,0.44271981716156006,0.02476551942527294,0.8610063791275024,0.5239894986152649,0.1296081691980362,0.09234187006950378,0.9982638955116272,0.516875684261322,0.13740034401416779,-0.09211450070142746,0.9995537400245667,0.4444524347782135,0.2758866846561432,0.1205717995762825,0.21002358198165894,0.43364500999450684,0.28256919980049133,-0.07013807445764542,0.9905722141265869,0.32562825083732605,0.33824804425239563,0.14849278330802917,0.28292620182037354,0.3154609203338623,0.34390711784362793,-0.07554613798856735,0.9862256050109863,0.30416080355644226,0.329926460981369,0.14870110154151917,0.34572386741638184,0.29385438561439514,0.3342154026031494,-0.07769758254289627,0.9844020009040833,0.33814385533332825,0.41684556007385254,0.12397833913564682,0.4153275191783905,0.3264473080635071,0.43184027075767517,-0.12350250035524368,0.9775624871253967
H,0.6577960848808289,0.3940913677215576,0.026689141988754272,0.999584972858429,0.642434298992157,0.29267627000808716,0.14275245368480682,0.9869043231010437,0.6457801461219788,0.3225129544734955,-0.0898536667227745,0.9994924664497375,0.6545730829238892,0.40077096223831177,0.25197336077690125,0.2939067780971527,0.6604008674621582,0.4444608688354492,-0.10383092612028122,0.960908830165863,0.7100855708122253,0.4218077063560486,0.30176934599876404,0.19996343553066254,0.7195096015930176,0.4427211284637451,0.03376046195626259,0.8599717020988464,0.523999810218811,0.12976790964603424,0.0917886421084404,0.9984169602394104,0.5169981122016907,0.13936375081539154,-0.09156686067581177,0.9995978474617004,0.44395244121551514,0.27637144923210144,0.1227804645895958,0.20790015161037445,0.43358492851257324,0.28385624289512634,-0.06977393478155136,0.9906477332115173,0.325308233499527,0.33818936347961426,0.15321357548236847,0.28652170300483704,0.31532174348831177,0.3438540995121002,-0.08016812801361084,0.9866820573806763,0.3041035830974579,0.32979702949523926,0.15383335947990417,0.3517954349517822,0.29386571049690247,0.3340625762939453,-0.08297879993915558,0.984591543674469,0.3380235731601715,0.417059063911438,0.1315201073884964,0.4217975437641144,0.32619643211364746,0.43227267265319824,-0.12736432254314423,0.978112518787384
H,0.6581780314445496,0.39392656087875366,0.02699524164199829,0.9995986819267273,0.6428561210632324,0.29274600744247437,0.1395988017320633,0.9871925115585327,0.6459949612617493,0.3229414224624634,-0.08587974309921265,0.9995068311691284,0.6545971632003784,0.4000057876110077,0.2443324476480484,0.29777792096138,0.6604220271110535,0.4445655643939972,-0.0987032949924469,0.9612733125686646,0.7102037072181702,0.42138469219207764,0.28933340311050415,0.20238184928894043,0.7195566296577454,0.44269073009490967,0.035514771938323975,0.8595150113105774,0.5242475271224976,0.1298551708459854,0.08867818117141724,0.998447835445404,0.5171423554420471,0.1399116963148117,-0.08845863491296768,0.9996058344841003,0.44393813610076904,0.2761664390563965,0.1143195629119873,0.20545785129070282,0.4334549605846405,0.2836912274360657,-0.06367837637662888,0.990378201007843,0.3253355026245117,0.3382642865180969,0.14042818546295166,0.2830091416835785,0.31530633568763733,0.34392303228378296,-0.06834282726049423,0.9862422347068787,0.3041926324367523,0.32997971773147583,0.14046268165111542,0.3497895896434784,0.293938010931015,0.3341689705848694,-0.0704909935593605,0.9840958714485168,0.3380027711391449,0.4172760248184204,0.1192057728767395,0.4200249910354614,0.3262653648853302,0.43219467997550964,-0.11310267448425293,0.9774885177612305
H,0.6586645245552063,0.3931562602519989,0.026698807254433632,0.9996054768562317,0.6432517170906067,0.29235538840293884,0.14073990285396576,0.9876308441162109,0.6461823582649231,0.3229827284812927,-0.08787145465612411,0.9995296597480774,0.6549270749092102,0.3998677730560303,0.24981702864170074,0.3005911111831665,0.6606365442276001,0.44466251134872437,-0.1010107770562172,0.9617475271224976,0.7107114195823669,0.42125093936920166,0.2984231412410736,0.20294128358364105,0.7197556495666504,0.44273293018341064,0.03403666615486145,0.8602800369262695,0.52422696352005,0.12973693013191223,0.08955390006303787,0.9985250234603882,0.5171834230422974,0.14128421247005463,-0.08933741599321365,0.9996286630630493,0.44337162375450134,0.2762039601802826,0.12172634154558182,0.1988985687494278,0.4331153929233551,0.28452250361442566,-0.06491417437791824,0.9900426268577576,0.32530519366264343,0.3382743299007416,0.15605546534061432,0.2763078510761261,0.31521156430244446,0.3441891372203827,-0.07096052169799805,0.9857744574546814,0.3041665256023407,0.33014580607414246,0.1571820229291916,0.34570369124412537,0.2938804030418396,0.33477142453193665,-0.07317305356264114,0.9836127161979675,0.33801448345184326,0.41733819246292114,0.13673213124275208,0.412666380405426,0.32659676671028137,0.43209803104400635,-0.11538311094045639,0.976685643196106
H,0.6586495637893677,0.39329928159713745,0.02651839144527912,0.9996062517166138,0.6432735919952393,0.2926843762397766,0.14143116772174835,0.9877206087112427,0.6461778283119202,0.32304415106773376,-0.09040230512619019,0.9995324015617371,0.6550653576850891,0.40098440647125244,0.25189846754074097,0.300753116607666,0.6608920693397522,0.4447198808193207,-0.10444570332765579,0.9616565704345703,0.7110244631767273,0.42133620381355286,0.3000005781650543,0.2029373049736023,0.7199980616569519,0.44270655512809753,0.02864115871489048,0.8605129718780518,0.5245087742805481,0.13058799505233765,0.09022409468889236,0.998540461063385,0.5173646807670593,0.14129231870174408,-0.09001156687736511,0.999631941318512,0.4435669481754303,0.2762168049812317,0.12177743762731552,0.19867652654647827,0.43305590748786926,0.28424564003944397,-0.06779653578996658,0.9899967312812805,0.32520821690559387,0.3382892310619354,0.1557447761297226,0.27616554498672485,0.31517982482910156,0.34425854682922363,-0.0747298002243042,0.9856042861938477,0.3040126860141754,0.3302563428878784,0.15673676133155823,0.3457704186439514,0.2938314378261566,0.3351293206214905,-0.07716667652130127,0.9833827614784241,0.33800825476646423,0.41726475954055786,0.13517144322395325,0.411786288022995,0.3267948627471924,0.4318433105945587,-0.12167922407388687,0.9764337539672852
H,0.6588132977485657,0.3933303654193878,0.02497425489127636,0.9995938539505005,0.6431799530982971,0.29383236169815063,0.14264526963233948,0.9877132177352905,0.6461683511734009,0.32342857122421265,-0.09249041229486465,0.9995314478874207,0.6552480459213257,0.40224501490592957,0.2529699504375458,0.30166521668434143,0.6616652011871338,0.44502678513526917,-0.10665551573038101,0.961922824382782,0.7110502123832703,0.4220072329044342,0.30009403824806213,0.20502912998199463,0.7199994921684265,0.4426547586917877,0.0290907621383667,0.8580106496810913,0.5239408612251282,0.13244380056858063,0.09167731553316116,0.9985294938087463,0.5176714062690735,0.14421860873699188,-0.09145849198102951,0.9996358156204224,0.44257864356040955,0.2764803171157837,0.1259472519159317,0.19782380759716034,0.43247851729393005,0.2851828336715698,-0.06930650025606155,0.989986777305603,0.3242662847042084,0.3383987843990326,0.1612074077129364,0.27551302313804626,0.31409749388694763,0.3442171812057495,-0.07598770409822464,0.9856842756271362,0.3026657998561859,0.3307962417602539,0.16249911487102509,0.34598103165626526,0.2926426827907562,0.33553948998451233,-0.07825841754674911,0.9831910729408264,0.3376739025115967,0.41698119044303894,0.14219368994235992,0.41076964139938354,0.32670778036117554,0.4303146302700043,-0.12119448184967041,0.97637540102005
H,0.6591861844062805,0.3936021625995636,0.025221429765224457,0.9995890855789185,0.6431304216384888,0.29408136010169983,0.14239905774593353,0.9877457022666931,0.646261990070343,0.32355019450187683,-0.09189090877771378,0.9995397329330444,0.6552985310554504,0.40240705013275146,0.2528907060623169,0.3012404143810272,0.6623411774635315,0.44514185190200806,-0.10548215359449387,0.9619253873825073,0.7111518383026123,0.422299325466156,0.2999495565891266,0.2051129937171936,0.720343291759491,0.4425625205039978,0.02974478155374527,0.8571237325668335,0.5236228704452515,0.13266588747501373,0.09171489626169205,0.9985586404800415,0.5178225636482239,0.144682377576828,-0.09150110930204391,0.9996484518051147,0.44182300567626953,0.2764224708080292,0.12767599523067474,0.1996597945690155,0.43226829171180725,0.28501707315444946,-0.0696910172700882,0.9900854229927063,0.32386547327041626,0.33894264698028564,0.1642354279756546,0.27941298484802246,0.31403079628944397,0.34448546171188354,-0.0785258337855339,0.985824704170227,0.30216726660728455,0.33178800344467163,0.16562171280384064,0.35032472014427185,0.2924612760543823,0.3366498351097107,-0.0810849666595459,0.9831740856170654,0.33756688237190247,0.41721537709236145,0.14472436904907227,0.41453394293785095,0.3270348310470581,0.4300526976585388,-0.12477940320968628,0.976543128490448
H,0.658743679523468,0.39510682225227356,0.02652566321194172,0.9995773434638977,0.643378496170044,0.29451873898506165,0.14258749783039093,0.9876172542572021,0.6461737751960754,0.3252265751361847,-0.09123629331588745,0.9995474815368652,0.6568687558174133,0.40157774090766907,0.25877705216407776,0.2955380976200104,0.6627910733222961,0.4452790915966034,-0.1047799363732338,0.9619991183280945,0.7111541628837585,0.42194363474845886,0.31407415866851807,0.19849200546741486,0.7202538847923279,0.44246867299079895,0.03153499960899353,0.8556140065193176,0.5236160159111023,0.13201944530010223,0.0925319492816925,0.9986302852630615,0.5179924368858337,0.14496289193630219,-0.09232687205076218,0.9996742010116577,0.4407906234264374,0.27598902583122253,0.1309862583875656,0.19837623834609985,0.43089380860328674,0.2845282554626465,-0.0698055848479271,0.9902855157852173,0.3235566318035126,0.33930283784866333,0.16811703145503998,0.27903175354003906,0.3136812150478363,0.344716876745224,-0.07951264083385468,0.9862785339355469,0.3016493022441864,0.3322541415691376,0.1695350855588913,0.34976983070373535,0.2919558882713318,0.33717110753059387,-0.08203304558992386,0.9834905862808228,0.33742764592170715,0.41733667254447937,0.14983485639095306,0.41141000390052795,0.3268662095069885,0.4297357499599457,-0.12499568611383438,0.9770863652229309
H,0.6581242680549622,0.3949574828147888,0.02683473564684391,0.9995472431182861,0.6436094641685486,0.29295456409454346,0.14401941001415253,0.9871936440467834,0.6459249258041382,0.3256964385509491,-0.0942133441567421,0.9995416402816772,0.6579638719558716,0.40097057819366455,0.2624148726463318,0.2888738811016083,0.6627475619316101,0.44477251172065735,-0.10917641967535019,0.9621542692184448,0.7111575603485107,0.42160564661026,0.31649723649024963,0.19400916993618011,0.7200996279716492,0.44219422340393066,0.029712626710534096,0.8569204211235046,0.5230879187583923,0.13008472323417664,0.09412338584661484,0.9986329674720764,0.5170655846595764,0.14473341405391693,-0.09391617029905319,0.9996788501739502,0.44196370244026184,0.2760695219039917,0.13361655175685883,0.19430406391620636,0.4316074848175049,0.285856693983078,-0.07050716131925583,0.9901484847068787,0.32353445887565613,0.33926427364349365,0.17232953011989594,0.27263885736465454,0.3135610818862915,0.3446767330169678,-0.07618558406829834,0.9861863851547241,0.3019280731678009,0.33207419514656067,0.17397402226924896,0.34382423758506775,0.29194119572639465,0.3367227613925934,-0.07812917977571487,0.9834262728691101,0.3379036486148834,0.41710689663887024,0.15531007945537567,0.40311601758003235,0.32706061005592346,0.4296267330646515,-0.12034714221954346,0.9768238663673401
H,0.657096803188324,0.3951198160648346,0.02497539483010769,0.9995135068893433,0.6436977982521057,0.2917965054512024,0.14282125234603882,0.9869678616523743,0.6449581980705261,0.32578009366989136,-0.0986374244093895,0.9995379447937012,0.658027172088623,0.3992183804512024,0.2603834271430969,0.28225865960121155,0.6626657247543335,0.4444783627986908,-0.11528290063142776,0.9623895883560181,0.7110252380371094,0.42100194096565247,0.3126753866672516,0.19282719492912292,0.7200881838798523,0.4420936107635498,0.022875415161252022,0.8617242574691772,0.522918701171875,0.129356250166893,0.09500086307525635,0.9986891746520996,0.5155146718025208,0.1443021148443222,-0.0948067232966423,0.9996920824050903,0.44240817427635193,0.27652522921562195,0.1364285945892334,0.1932259500026703,0.43120142817497253,0.28605708479881287,-0.06744804978370667,0.9898269772529602,0.32461872696876526,0.33923065662384033,0.17845825850963593,0.267890989780426,0.31352606415748596,0.3447408676147461,-0.0638640746474266,0.9859641790390015,0.30318453907966614,0.33212926983833313,0.1803918331861496,0.3378279209136963,0.29208287596702576,0.33676978945732117,-0.06486973911523819,0.9831678867340088,0.3386702835559845,0.416452020406723,0.1619952768087387,0.3955162465572357,0.32720914483070374,0.42905375361442566,-0.1059221401810646,0.9763960242271423
H,0.657632052898407,0.39486557245254517,0.026289721950888634,0.9994925856590271,0.643781840801239,0.291372150182724,0.14533568918704987,0.986742377281189,0.6447049975395203,0.32600533962249756,-0.09585943818092346,0.9995381236076355,0.6579318642616272,0.3982127904891968,0.26516807079315186,0.27639275789260864,0.6626834273338318,0.44435498118400574,-0.11012137681245804,0.9620524048805237,0.7104883193969727,0.42093154788017273,0.32080209255218506,0.1901710480451584,0.7199868559837341,0.4420873522758484,0.029300473630428314,0.8629094362258911,0.5225754976272583,0.1292518973350525,0.09525734186172485,0.9986937046051025,0.5155114531517029,0.14442476630210876,-0.0950683131814003,0.9996932744979858,0.44322702288627625,0.27733537554740906,0.1334652453660965,0.18564194440841675,0.43235018849372864,0.2882527709007263,-0.06760349124670029,0.9891813397407532,0.3247789442539215,0.3391660451889038,0.17129619419574738,0.25753840804100037,0.3134317696094513,0.34479445219039917,-0.06527850776910782,0.9851168990135193,0.30306264758110046,0.3319539427757263,0.17282147705554962,0.32908546924591064,0.2920351028442383,0.3367156684398651,-0.0664924755692482,0.9823368191719055,0.3389030396938324,0.4161069095134735,0.15451309084892273,0.3833008110523224,0.3272691071033478,0.4288579523563385,-0.10683552175760269,0.9751539826393127
H,0.6585163474082947,0.3937549293041229,0.028270497918128967,0.9994997382164001,0.6439946889877319,0.2914230525493622,0.1453639268875122,0.9866957664489746,0.6447754502296448,0.32694923877716064,-0.08852577954530716,0.9995420575141907,0.6581316590309143,0.3977144956588745,0.26334962248802185,0.2723233103752136,0.6633293032646179,0.44428324699401855,-0.10282263159751892,0.9613174200057983,0.7105063796043396,0.42082545161247253,0.3192134499549866,0.19022315740585327,0.7202104926109314,0.44206365942955017,0.030691279098391533,0.8619242310523987,0.5221554636955261,0.12983380258083344,0.09331483393907547,0.9987204670906067,0.5153588652610779,0.14598038792610168,-0.09313496202230453,0.999697208404541,0.4427652657032013,0.2785157561302185,0.12861321866512299,0.1794741451740265,0.4323669672012329,0.29021164774894714,-0.06731418520212173,0.9887262582778931,0.32433196902275085,0.3391518294811249,0.1636117845773697,0.24831657111644745,0.31352049112319946,0.3448854088783264,-0.07158676534891129,0.9839735627174377,0.30244144797325134,0.33177295327186584,0.1648585945367813,0.3206712603569031,0.29194560647010803,0.33660826086997986,-0.07337688654661179,0.9811035990715027,0.3382466733455658,0.41577669978141785,0.14589206874370575,0.3734947741031647,0.3272510766983032,0.4289734661579132,-0.11357501149177551,0.9735037684440613
H,0.6588754057884216,0.39386099576950073,0.026925956830382347,0.9995232820510864,0.6442423462867737,0.29233506321907043,0.14245624840259552,0.9870034456253052,0.6452063322067261,0.3270525634288788,-0.08755355328321457,0.9995595812797546,0.6575220227241516,0.3977562189102173,0.2539144456386566,0.2715538740158081,0.6636720299720764,0.4443114697933197,-0.10173396021127701,0.9604750275611877,0.7110998034477234,0.4208519756793976,0.30425888299942017,0.18884122371673584,0.7206122875213623,0.4419516921043396,0.030452968552708626,0.860500693321228,0.5224015712738037,0.13276608288288116,0.09170129895210266,0.9987563490867615,0.5149334073066711,0.1477491706609726,-0.09150586277246475,0.9997147917747498,0.44430088996887207,0.2820938527584076,0.1347215622663498,0.18191179633140564,0.4327455461025238,0.29412078857421875,-0.07153300195932388,0.9891658425331116,0.32493168115615845,0.33929285407066345,0.1764124035835266,0.25249260663986206,0.3138350248336792,0.3452082872390747,-0.0797995924949646,0.9841049909591675,0.30293533205986023,0.33089980483055115,0.17839588224887848,0.323192298412323,0.2921240031719208,0.3359326720237732,-0.08164208382368088,0.9809051752090454,0.3379323482513428,0.41514289379119873,0.1614578813314438,0.377045601606369,0.32700100541114807,0.4294604957103729,-0.12091859430074692,0.973526656627655
H,0.6599809527397156,0.39387452602386475,0.023864028975367546,0.9995496273040771,0.6443195939064026,0.2930653691291809,0.1405836045742035,0.987089991569519,0.6457921266555786,0.32709068059921265,-0.0907730683684349,0.9995530247688293,0.657322347164154,0.39972954988479614,0.24942494928836823,0.2772656977176666,0.6638174653053284,0.4447264075279236,-0.10733117908239365,0.9602804183959961,0.7116699814796448,0.42112234234809875,0.29925134778022766,0.18804049491882324,0.7207849621772766,0.44192028045654297,0.0312094297260046,0.8566694259643555,0.5205358862876892,0.13716189563274384,0.09098903089761734,0.9988044500350952,0.5130147337913513,0.1529276967048645,-0.09077436476945877,0.9997197389602661,0.44788408279418945,0.2994905114173889,0.12818071246147156,0.19561287760734558,0.43971750140190125,0.3143962621688843,-0.07489252835512161,0.9897363781929016,0.3269158899784088,0.33925971388816833,0.16213274002075195,0.26572439074516296,0.31560561060905457,0.34566470980644226,-0.07796914130449295,0.984218418598175,0.3040073812007904,0.32862091064453125,0.16308262944221497,0.33220237493515015,0.29421690106391907,0.335128515958786,-0.07902326434850693,0.9803614616394043,0.33742496371269226,0.4149508774280548,0.14408688247203827,0.3900624215602875,0.3263469636440277,0.43315988779067993,-0.11290425807237625,0.9734341502189636
H,0.70218425989151,0.37222230434417725,-0.007655335124582052,0.9989957213401794,0.6503093242645264,0.3248462677001953,0.15513616800308228,0.9890925884246826,0.6485058665275574,0.30535316467285156,-0.14208392798900604,0.9989333152770996,0.6335172653198242,0.3894157111644745,0.2492964118719101,0.22808153927326202,0.6267762780189514,0.4328787624835968,-0.1614181399345398,0.9573971033096313,0.7068306803703308,0.40605035424232483,0.2671464681625366,0.2200777530670166,0.705272912979126,0.4522571265697479,-0.07279719412326813,0.8949763774871826,0.5085460543632507,0.31391873955726624,0.08864261955022812,0.9987537264823914,0.5084698796272278,0.27232885360717773,-0.08856325596570969,0.9993340969085693,0.3996378481388092,0.3510439395904541,0.020987575873732567,0.21410521864891052,0.3905085325241089,0.3330630958080292,-0.08753440529108047,0.9494706988334656,0.28253450989723206,0.3360840082168579,0.03680570051074028,0.33166560530662537,0.2691290080547333,0.3357849717140198,-0.09150996804237366,0.9653571844100952,0.2599664628505707,0.32216647267341614,0.03527860343456268,0.4045461416244507,0.24888284504413605,0.3231666684150696,-0.09312019497156143,0.9607753157615662,0.27668753266334534,0.4179273247718811,-0.026853598654270172,0.4829767942428589,0.2665381133556366,0.42445483803749084,-0.1643119901418686,0.9545234441757202
C,0.7021544575691223,0.3771340548992157,-0.04970837011933327,0.9948497414588928,0.6516509652137756,0.32835251092910767,0.12454262375831604,0.9882820248603821,0.6473459601402283,0.29124966263771057,-0.1861656904220581,0.9970992803573608,0.6356001496315002,0.4294217824935913,0.1969311684370041,0.2094174474477768,0.6265935301780701,0.44835880398750305,-0.1888626366853714,0.9488267302513123,0.7052871584892273,0.43756353855133057,0.19248199462890625,0.239407479763031,0.6979561448097229,0.45483651757240295,-0.08116145431995392,0.9118268489837646,0.5062198042869568,0.3297743499279022,0.0910133346915245,0.9977554082870483,0.5066537261009216,0.2799655795097351,-0.09087542444467545,0.9971883893013,0.40075787901878357,0.3601936399936676,0.01975543424487114,0.1931167095899582,0.3904576599597931,0.3367282748222351,-0.11696028709411621,0.7810111045837402,0.27899622917175293,0.338121622800827,0.03826281800866127,0.27392131090164185,0.2699439227581024,0.3343576490879059,-0.09984483569860458,0.8411069512367249,0.2589193284511566,0.3237016201019287,0.03658251464366913,0.337350457906723,0.2510054409503937,0.32194897532463074,-0.10351688414812088,0.8547353744506836,0.2770954966545105,0.4130176305770874,-0.03276626393198967,0.4345073401927948,0.2682114541530609,0.41790130734443665,-0.19796134531497955,0.833020031452179
C,0.7030252814292908,0.3800213634967804,-0.059576328843832016,0.9931695461273193,0.6525829434394836,0.330660879611969,0.1279028207063675,0.9897096157073975,0.6470901370048523,0.29246237874031067,-0.18552182614803314,0.9965364933013916,0.6361211538314819,0.4325956404209137,0.18881477415561676,0.2202347368001938,0.6263036131858826,0.45201781392097473,-0.19090048968791962,0.9440492391586304,0.7052211165428162,0.4395247995853424,0.18766994774341583,0.26865696907043457,0.6964540481567383,0.4545131027698517,-0.08682849258184433,0.9215046763420105,0.5067650675773621,0.32974115014076233,0.09083189815282822,0.9973448514938354,0.5068991184234619,0.28286412358283997,-0.09071775525808334,0.995917022228241,0.4001044034957886,0.3614688813686371,0.021311046555638313,0.18948788940906525,0.3900613486766815,0.33636850118637085,-0.11070859432220459,0.6852752566337585,0.2793084681034088,0.34006232023239136,0.03776325657963753,0.2554354667663574,0.27054643630981445,0.33575376868247986,-0.08731546252965927,0.7738642692565918,0.2588213384151459,0.32103297114372253,0.03597842529416084,0.3094693124294281,0.2519279718399048,0.3211386203765869,-0.09088888764381409,0.7929943799972534,0.2762555480003357,0.4137061834335327,-0.031029172241687775,0.4318033754825592,0.2674889862537384,0.41994214057922363,-0.1864304542541504,0.7751777768135071
C,0.7030232548713684,0.38045498728752136,-0.06450337916612625,0.992938756942749,0.6527091860771179,0.3288511335849762,0.12885411083698273,0.9907591342926025,0.6468207836151123,0.29321935772895813,-0.1956966072320938,0.9965338706970215,0.6361902356147766,0.43230900168418884,0.1909274458885193,0.22167479991912842,0.6260668039321899,0.4535976052284241,-0.19464559853076935,0.9430015087127686,0.7049977779388428,0.43977081775665283,0.18425308167934418,0.27389296889305115,0.6966202259063721,0.4543914496898651,-0.07566685974597931,0.9257054924964905,0.5068804025650024,0.32883045077323914,0.09251201897859573,0.9972371459007263,0.5069583654403687,0.2831263542175293,-0.09242170304059982,0.9954931139945984,0.40004655718803406,0.3606066107749939,0.02514771930873394,0.19018816947937012,0.39014706015586853,0.3363138437271118,-0.1042831540107727,0.6464645266532898,0.2791179418563843,0.3391571044921875,0.04515792429447174,0.2532579302787781,0.27047017216682434,0.3356398940086365,-0.0800185278058052,0.7451832890510559,0.258685439825058,0.3183119595050812,0.043541546911001205,0.3029431700706482,0.251722127199173,0.32017767429351807,-0.08342921733856201,0.7654768228530884,0.27591580152511597,0.41364797949790955,-0.025005431845784187,0.436161607503891,0.26772311329841614,0.42013314366340637,-0.17486870288848877,0.750211238861084
C,0.7029821276664734,0.38056933879852295,-0.06021127104759216,0.9935024380683899,0.6526971459388733,0.3272320330142975,0.1335826963186264,0.9915997385978699,0.6466670632362366,0.29463425278663635,-0.19188493490219116,0.9967578649520874,0.6363040208816528,0.4323962926864624,0.1983332484960556,0.2199031263589859,0.6260797381401062,0.4542766213417053,-0.1906808763742447,0.9439435601234436,0.7059249877929688,0.44112417101860046,0.19361574947834015,0.2715231478214264,0.6966567039489746,0.4544828534126282,-0.06476036459207535,0.928749680519104,0.507147490978241,0.3283233940601349,0.0934036448597908,0.9972906708717346,0.5072486996650696,0.283061683177948,-0.09331489354372025,0.995544970035553,0.39927589893341064,0.35772010684013367,0.027317175641655922,0.1941012144088745,0.3902352750301361,0.33611980080604553,-0.10340689867734909,0.6323337554931641,0.2785087525844574,0.33822643756866455,0.04725005850195885,0.25914520025253296,0.27030009031295776,0.3355717360973358,-0.08124016225337982,0.7394115328788757,0.2576906979084015,0.31730398535728455,0.04560447111725807,0.3028455078601837,0.2510313093662262,0.320121705532074,-0.08483666181564331,0.7577665448188782,0.27521905303001404,0.41327965259552,-0.02261650376021862,0.4478229284286499,0.26775503158569336,0.4202099144458771,-0.17576062679290771,0.7460246086120605
C,0.7035167813301086,0.3805713653564453,-0.0627954974770546,0.9945552349090576,0.6533872485160828,0.32769984006881714,0.13545574247837067,0.9926953315734863,0.6465714573860168,0.2948581874370575,-0.18592029809951782,0.9971030950546265,0.6378958821296692,0.43257325887680054,0.20328450202941895,0.22474801540374756,0.6260489225387573,0.45405516028404236,-0.1842980980873108,0.9467437863349915,0.7062038779258728,0.4413995146751404,0.2068682461977005,0.28416895866394043,0.6965054869651794,0.4544878602027893,-0.06240690127015114,0.9349321126937866,0.5102244019508362,0.33014625310897827,0.09316859394311905,0.9974572658538818,0.5088344216346741,0.28320038318634033,-0.09308453649282455,0.9957975745201111,0.39981794357299805,0.3593021631240845,0.022192319855093956,0.207560732960701,0.3905472457408905,0.33608588576316833,-0.11197469383478165,0.622902512550354,0.27894148230552673,0.33852994441986084,0.039691027253866196,0.27556729316711426,0.27041393518447876,0.33535727858543396,-0.09422018378973007,0.740995466709137,0.257891446352005,0.3176867961883545,0.03778645023703575,0.3095140755176544,0.2510031759738922,0.32003048062324524,-0.09807483106851578,0.7535756826400757,0.2751372158527374,0.413717657327652,-0.03189122676849365,0.47121089696884155,0.2666979134082794,0.4201912581920624,-0.19028665125370026,0.7517914772033691
C,0.7039021849632263,0.3799068331718445,-0.04092508181929588,0.9956592917442322,0.6536175608634949,0.32889679074287415,0.1462843269109726,0.9939219355583191,0.6465908885002136,0.29443448781967163,-0.16653858125209808,0.9974119663238525,0.6384722590446472,0.4335015118122101,0.20818571746349335,0.25772908329963684,0.6259579062461853,0.45239540934562683,-0.16928976774215698,0.9492408633232117,0.7061720490455627,0.44161197543144226,0.20713846385478973,0.32491496205329895,0.6962907314300537,0.45423227548599243,-0.05705699697136879,0.9397498965263367,0.5100305080413818,0.3311266303062439,0.09179186075925827,0.9976913928985596,0.5088980793952942,0.28458186984062195,-0.09169861674308777,0.9961057305335999,0.3988361656665802,0.3599112927913666,0.02199988253414631,0.2293444573879242,0.39026808738708496,0.33606722950935364,-0.10341393202543259,0.6377469897270203,0.2788203954696655,0.3403961956501007,0.039364252239465714,0.30419591069221497,0.27044352889060974,0.336141973733902,-0.0807848647236824,0.7555392384529114,0.2578605115413666,0.3204776346683502,0.03752429038286209,0.3317718207836151,0.2509038746356964,0.32146209478378296,-0.08430266380310059,0.7603230476379395,0.27540478110313416,0.41527867317199707,-0.03213599696755409,0.5063151717185974,0.2664422392845154,0.42092379927635193,-0.17496319115161896,0.7672346234321594
C,0.7039884924888611,0.37950456142425537,-0.046143580228090286,0.9961259961128235,0.6538861393928528,0.32889097929000854,0.14349372684955597,0.9944846630096436,0.6465505957603455,0.2942018210887909,-0.1709265559911728,0.9975165724754333,0.6388797760009766,0.43291953206062317,0.20556657016277313,0.265974223613739,0.6259570717811584,0.4515971541404724,-0.17268763482570648,0.9489017128944397,0.7065886855125427,0.4415210783481598,0.20147787034511566,0.33849501609802246,0.6962704062461853,0.4541287124156952,-0.059500519186258316,0.9406831860542297,0.5097841024398804,0.3319757878780365,0.0912712812423706,0.9977871179580688,0.5086682438850403,0.28530824184417725,-0.09117361903190613,0.9961813688278198,0.4009974002838135,0.362619549036026,0.019666844978928566,0.22954325377941132,0.39060893654823303,0.3365638554096222,-0.10527986288070679,0.6307231783866882,0.2787730395793915,0.34024694561958313,0.03375033661723137,0.3023766875267029,0.2704794108867645,0.3364958167076111,-0.08660027384757996,0.7478665113449097,0.2579894959926605,0.32081761956214905,0.031704239547252655,0.3313104212284088,0.25092384219169617,0.32242339849472046,-0.0902625024318695,0.7530789375305176,0.27587831020355225,0.415304034948349,-0.03629879653453827,0.5074810981750488,0.2668800354003906,0.4215101897716522,-0.18131548166275024,0.7620149850845337
C,0.703798770904541,0.3789357841014862,-0.034558430314064026,0.9968719482421875,0.6539040207862854,0.3273651897907257,0.15463221073150635,0.995269238948822,0.6465677618980408,0.29301518201828003,-0.1623268574476242,0.9979009628295898,0.6387764811515808,0.4308582842350006,0.21447676420211792,0.2662104070186615,0.6259632706642151,0.4503912329673767,-0.16098205745220184,0.9490963220596313,0.70609050989151,0.4406501352787018,0.20770716667175293,0.34302011132240295,0.6961264610290527,0.45415303111076355,-0.041091106832027435,0.9422088265419006,0.5111966133117676,0.3337642550468445,0.09128133207559586,0.9978748559951782,0.50970458984375,0.2860701084136963,-0.09117739647626877,0.9963817000389099,0.402668833732605,0.3622608184814453,0.0247686505317688,0.22749397158622742,0.3911820650100708,0.33695188164711,-0.10284458845853806,0.618410050868988,0.2796694338321686,0.33891811966896057,0.042230669409036636,0.3013380169868469,0.2706766426563263,0.33578839898109436,-0.0860414206981659,0.739037811756134,0.25879037380218506,0.32002025842666626,0.04051351919770241,0.33130794763565063,0.2512064576148987,0.3220674395561218,-0.09018822759389877,0.7452081441879272,0.2765197157859802,0.4157825708389282,-0.026637740433216095,0.5115968585014343,0.2683209776878357,0.4216115474700928,-0.18006497621536255,0.7555539011955261
C,0.703167200088501,0.37888553738594055,-0.036783281713724136,0.9967820644378662,0.6524715423583984,0.32146117091178894,0.14671091735363007,0.995362401008606,0.6463543176651001,0.29491564631462097,-0.17440307140350342,0.9979502558708191,0.6372852325439453,0.4247179329395294,0.20341606438159943,0.2553711235523224,0.6260535717010498,0.45095762610435486,-0.1719251275062561,0.9457827210426331,0.7050395011901855,0.4342576265335083,0.19170212745666504,0.32941725850105286,0.6961984038352966,0.4535894989967346,-0.04590959474444389,0.9385731220245361,0.5098718404769897,0.3268789052963257,0.09163900464773178,0.9977921843528748,0.5090254545211792,0.2847496569156647,-0.09152428060770035,0.9962331652641296,0.40264782309532166,0.3595578968524933,0.03246711567044258,0.21492743492126465,0.39200183749198914,0.33556467294692993,-0.09082210808992386,0.6147174835205078,0.27958932518959045,0.33862021565437317,0.05251374468207359,0.29163864254951477,0.2708485424518585,0.33639204502105713,-0.06908536702394485,0.7293331623077393,0.2590770721435547,0.3196884095668793,0.05101437866687775,0.3320956826210022,0.25138798356056213,0.32269617915153503,-0.07263775914907455,0.7407656908035278,0.27691543102264404,0.41569095849990845,-0.01444599125534296,0.5036404132843018,0.26885977387428284,0.421469122171402,-0.15984971821308136,0.7450658082962036
C,0.7030296921730042,0.3787112832069397,-0.04003232717514038,0.9968160390853882,0.6524738669395447,0.32094714045524597,0.145363911986351,0.9954180717468262,0.6465097665786743,0.29492858052253723,-0.17557387053966522,0.9979720711708069,0.6369969248771667,0.4232599139213562,0.2038559764623642,0.252960205078125,0.6260908246040344,0.45104604959487915,-0.1722164750099182,0.9470704793930054,0.7047064900398254,0.4324643611907959,0.19235384464263916,0.32887881994247437,0.6961451172828674,0.4528076648712158,-0.04403035715222359,0.939149796962738,0.5088921189308167,0.3255283832550049,0.09255554527044296,0.997719407081604,0.5081900358200073,0.2831675112247467,-0.0924413874745369,0.9960993528366089,0.40235137939453125,0.3599952161312103,0.03267158940434456,0.21274861693382263,0.391888827085495,0.3353751599788666,-0.09536435455083847,0.6167371869087219,0.27911123633384705,0.33857452869415283,0.05287948250770569,0.2840072810649872,0.27001985907554626,0.3357623517513275,-0.07439745217561722,0.7240328788757324,0.25895023345947266,0.31975167989730835,0.05135863646864891,0.32665106654167175,0.251179963350296,0.32217487692832947,-0.0780799388885498,0.737314760684967,0.27656856179237366,0.41601330041885376,-0.013818490318953991,0.4939102530479431,0.26798340678215027,0.42159533500671387,-0.1677636057138443,0.7384001016616821
C,0.7029880881309509,0.37858518958091736,-0.05128109082579613,0.9967604279518127,0.6524889469146729,0.321227103471756,0.13646391034126282,0.9952002763748169,0.6462330222129822,0.2933228015899658,-0.18098944425582886,0.9979121088981628,0.636950671672821,0.42246970534324646,0.20318599045276642,0.2451447695493698,0.6261761784553528,0.45099079608917236,-0.18233686685562134,0.9487254023551941,0.7051210999488831,0.4316404163837433,0.19841720163822174,0.31452465057373047,0.696309506893158,0.45262178778648376,-0.06337365508079529,0.9390420913696289,0.5088222622871399,0.3260054886341095,0.09221117943525314,0.9976431727409363,0.5081859230995178,0.28156596422195435,-0.09210079908370972,0.9959940314292908,0.40098610520362854,0.3593486547470093,0.02891187183558941,0.21434468030929565,0.3916071653366089,0.3350400924682617,-0.09655170887708664,0.618405818939209,0.27870216965675354,0.33866360783576965,0.04880112037062645,0.2832101583480835,0.26982805132865906,0.3356325328350067,-0.07418401539325714,0.7233006358146667,0.25856083631515503,0.3202187716960907,0.04717204347252846,0.3237713873386383,0.25091272592544556,0.32235655188560486,-0.07773102074861526,0.7360295653343201,0.2762499153614044,0.41619542241096497,-0.020629283040761948,0.49114611744880676,0.2677218019962311,0.42136213183403015,-0.1683504730463028,0.7370085120201111
C,0.7026945948600769,0.37837910652160645,-0.03622487187385559,0.9968441724777222,0.6523521542549133,0.32164865732192993,0.14289064705371857,0.995249330997467,0.6463044285774231,0.29165229201316833,-0.1717509627342224,0.9979379773139954,0.6366146206855774,0.42185187339782715,0.21068459749221802,0.24227024614810944,0.6263311505317688,0.4496457576751709,-0.17573034763336182,0.9506785273551941,0.7055081725120544,0.4319949746131897,0.20971934497356415,0.3087720572948456,0.6962177753448486,0.4520821273326874,-0.05804406479001045,0.9399962425231934,0.5087210536003113,0.324708491563797,0.09134992957115173,0.9977027773857117,0.508341372013092,0.27823153138160706,-0.09123580902814865,0.9960988759994507,0.4004655182361603,0.35832998156547546,0.02739991806447506,0.2139209359884262,0.3916996717453003,0.33482033014297485,-0.09550043940544128,0.6206386685371399,0.2782596945762634,0.33897849917411804,0.04595012962818146,0.280094176530838,0.2699049413204193,0.336055189371109,-0.0732005387544632,0.7199951410293579,0.25809410214424133,0.3209901750087738,0.044138673692941666,0.31904760003089905,0.2508700489997864,0.32278284430503845,-0.07663733512163162,0.7347016930580139,0.27580055594444275,0.41605237126350403,-0.022976240143179893,0.48521241545677185,0.2677709758281708,0.42142465710639954,-0.16505493223667145,0.7349019050598145
C,0.7024173736572266,0.3785562515258789,-0.02019256167113781,0.9973674416542053,0.6508690714836121,0.32025617361068726,0.1649646759033203,0.9956614375114441,0.6469619274139404,0.29172471165657043,-0.15607573091983795,0.9981871247291565,0.635994017124176,0.4223523736000061,0.2328137755393982,0.24812886118888855,0.6264557838439941,0.44933032989501953,-0.16113682091236115,0.9534067511558533,0.7048184275627136,0.43121078610420227,0.2374456524848938,0.31125134229660034,0.6965327858924866,0.45084148645401,-0.04275364801287651,0.9424131512641907,0.5068163275718689,0.314627081155777,0.09436630457639694,0.9979568123817444,0.5080495476722717,0.2742469012737274,-0.09423404932022095,0.9965004920959473,0.39780864119529724,0.35501790046691895,0.031045468524098396,0.2175561934709549,0.3911045789718628,0.33393916487693787,-0.09184962511062622,0.6501085758209229,0.27707579731941223,0.33840835094451904,0.047036875039339066,0.2864740788936615,0.2693149447441101,0.3357049226760864,-0.07492528110742569,0.738224983215332,0.2569628655910492,0.3192392587661743,0.0450698584318161,0.3292922377586365,0.2504245340824127,0.3215571939945221,-0.07862994074821472,0.754805862903595,0.2758771479129791,0.41525161266326904,-0.022629983723163605,0.48966050148010254,0.26758432388305664,0.4214589595794678,-0.1652381867170334,0.7501127123832703
C,0.7022561430931091,0.3779272437095642,-0.029184788465499878,0.9977261424064636,0.6498108506202698,0.3160838484764099,0.1591043323278427,0.9960262179374695,0.6473786234855652,0.29342979192733765,-0.1646764576435089,0.9983530044555664,0.6360397934913635,0.42137864232063293,0.21753807365894318,0.2571246325969696,0.6266473531723022,0.4501368999481201,-0.1655193716287613,0.9511725902557373,0.7049246430397034,0.431613028049469,0.21480125188827515,0.32601046562194824,0.6970599293708801,0.45059430599212646,-0.042208392173051834,0.9420762658119202,0.5073254704475403,0.3095628619194031,0.09442213922739029,0.9981815814971924,0.5085867047309875,0.2704273760318756,-0.09428652375936508,0.9969001412391663,0.3979606628417969,0.34934157133102417,0.029436299577355385,0.21443401277065277,0.39127281308174133,0.3312893211841583,-0.09871596097946167,0.6584192514419556,0.27662768959999084,0.33696192502975464,0.047338832169771194,0.2849864959716797,0.269033282995224,0.33446434140205383,-0.08026231080293655,0.7466431856155396,0.2562956213951111,0.3176323175430298,0.04556425288319588,0.32780298590660095,0.25025272369384766,0.31988728046417236,-0.08402503281831741,0.7674665451049805,0.27580001950263977,0.4131050705909729,-0.021309202536940575,0.48788926005363464,0.2675640285015106,0.42049136757850647,-0.17150478065013885,0.7581906318664551
C,0.7011194825172424,0.37768611311912537,-0.03211861476302147,0.9979870319366455,0.6485304236412048,0.31799912452697754,0.15468616783618927,0.9961451292037964,0.6473762392997742,0.29164621233940125,-0.1662236452102661,0.9985017776489258,0.6357691884040833,0.42832621932029724,0.21353507041931152,0.2753824293613434,0.627016544342041,0.4497903883457184,-0.16848529875278473,0.9518086910247803,0.7033131718635559,0.43356940150260925,0.21047528088092804,0.346187949180603,0.6965858340263367,0.45077231526374817,-0.054459478706121445,0.9436731934547424,0.5057929158210754,0.30949896574020386,0.09457483887672424,0.9982965588569641,0.5074918866157532,0.26936572790145874,-0.09444423764944077,0.9971545338630676,0.3966115415096283,0.3465110659599304,0.027198323979973793,0.2132175713777542,0.3897117078304291,0.328935831785202,-0.10053682327270508,0.6790698766708374,0.27698177099227905,0.33649489283561707,0.04333445057272911,0.2859269976615906,0.2689458429813385,0.3342576324939728,-0.08449084311723709,0.7617724537849426,0.2564137279987335,0.3166901767253876,0.041424404829740524,0.3321579396724701,0.25009337067604065,0.31865960359573364,-0.08842351287603378,0.7817502021789551,0.2762058973312378,0.4127465486526489,-0.026715511456131935,0.4917556345462799,0.26720473170280457,0.42053866386413574,-0.17854981124401093,0.7710469365119934
C,0.6997693181037903,0.3775542080402374,-0.04107091948390007,0.9981943964958191,0.6470726132392883,0.31544119119644165,0.15427377820014954,0.9962997436523438,0.6468749642372131,0.293404221534729,-0.17429125308990479,0.9985419511795044,0.6364737749099731,0.42710548639297485,0.21506042778491974,0.29014721512794495,0.6275578141212463,0.4504138231277466,-0.17346829175949097,0.9503577351570129,0.7045987248420715,0.43355700373649597,0.2130603790283203,0.34875497221946716,0.6969141364097595,0.45074084401130676,-0.04790988937020302,0.940824031829834,0.5042538046836853,0.30160948634147644,0.09590329974889755,0.9984362125396729,0.5064162015914917,0.26475247740745544,-0.09577994793653488,0.9973355531692505,0.3961056172847748,0.3425081968307495,0.0324152410030365,0.20396776497364044,0.3889780044555664,0.32507604360580444,-0.09465708583593369,0.6752343773841858,0.27739277482032776,0.3341953456401825,0.04842754825949669,0.2734033167362213,0.26907289028167725,0.3330340087413788,-0.07265447825193405,0.7534817457199097,0.25715190172195435,0.3159622251987457,0.046562716364860535,0.32674017548561096,0.2500576078891754,0.31839069724082947,-0.07576047629117966,0.7814162373542786,0.2756681740283966,0.41106992959976196,-0.019550273194909096,0.47394365072250366,0.26743781566619873,0.4194432497024536,-0.16389523446559906,0.7625285983085632
C,0.6998847126960754,0.37779173254966736,-0.048361849039793015,0.9982041120529175,0.6487637758255005,0.31949180364608765,0.1431998312473297,0.9965980648994446,0.6465146541595459,0.2935294806957245,-0.17708097398281097,0.9984309077262878,0.6364957094192505,0.427560955286026,0.20430393517017365,0.3157283365726471,0.6268966794013977,0.45105165243148804,-0.17510373890399933,0.9477229118347168,0.7025761008262634,0.4351980984210968,0.20380471646785736,0.3702344000339508,0.6964274048805237,0.4509168863296509,-0.05879753455519676,0.9414642453193665,0.5065410733222961,0.30652186274528503,0.09460604190826416,0.9984892010688782,0.5070652961730957,0.26333823800086975,-0.09448490291833878,0.9972931742668152,0.4002121686935425,0.34741783142089844,0.023096702992916107,0.1929696500301361,0.3904925584793091,0.32409146428108215,-0.10784319043159485,0.6440225839614868,0.2776462137699127,0.3333545923233032,0.035772357136011124,0.244140625,0.2690953314304352,0.3325757682323456,-0.09387267380952835,0.7125715017318726,0.25745582580566406,0.31780222058296204,0.03377600386738777,0.2941280007362366,0.24983297288417816,0.3184242844581604,-0.09777799248695374,0.7484564781188965,0.2759075462818146,0.40765678882598877,-0.033697668462991714,0.43407168984413147,0.2679710388183594,0.41798192262649536,-0.18796057999134064,0.7260914444923401
C,0.7000096440315247,0.3777635395526886,-0.036195144057273865,0.9983010292053223,0.6491625308990479,0.32161399722099304,0.1524115800857544,0.9966460466384888,0.6466556787490845,0.293134480714798,-0.16302362084388733,0.9984400272369385,0.6365581154823303,0.4278847277164459,0.21530528366565704,0.31308823823928833,0.6273209452629089,0.4479638338088989,-0.1625821441411972,0.9470463991165161,0.7020718455314636,0.43557658791542053,0.2190328687429428,0.3733351230621338,0.6967611908912659,0.45144039392471313,-0.04601728543639183,0.941968560218811,0.5069151520729065,0.310960590839386,0.09428565949201584,0.9985266923904419,0.5073676705360413,0.26762327551841736,-0.09416190534830093,0.9973680973052979,0.3997613489627838,0.3510879576206207,0.02191951684653759,0.18800170719623566,0.39061498641967773,0.3265402317047119,-0.10788842290639877,0.637671709060669,0.2772204279899597,0.33357352018356323,0.03251849487423897,0.23695798218250275,0.26902616024017334,0.33239686489105225,-0.09349406510591507,0.7041716575622559,0.2572408616542816,0.31957945227622986,0.03021404892206192,0.28681322932243347,0.24957074224948883,0.3193492591381073,-0.0973610207438469,0.7405881285667419,0.2759568989276886,0.4084562063217163,-0.037564683705568314,0.4234645962715149,0.2683098614215851,0.41761356592178345,-0.18734806776046753,0.7176895141601562
C,0.7025434970855713,0.3766343593597412,-0.04979601129889488,0.9980176091194153,0.6510307788848877,0.32364195585250854,0.1398254781961441,0.9962764382362366,0.6466338038444519,0.2917807400226593,-0.1797035187482834,0.9981502294540405,0.6369015574455261,0.4289575517177582,0.20119927823543549,0.31159183382987976,0.6271246075630188,0.4470249116420746,-0.17664510011672974,0.9468547701835632,0.7032058238983154,0.4365615248680115,0.19985069334506989,0.375076562166214,0.6965062618255615,0.45162907242774963,-0.06254275143146515,0.9416648745536804,0.5091254711151123,0.3157764971256256,0.09413082152605057,0.9984235763549805,0.508440375328064,0.26952046155929565,-0.0939989760518074,0.9971257448196411,0.4003284275531769,0.35322558879852295,0.019109858199954033,0.1922810971736908,0.391145795583725,0.3291011452674866,-0.11388235539197922,0.6228585243225098,0.27748069167137146,0.33414292335510254,0.03294959291815758,0.23579098284244537,0.2692331373691559,0.332241415977478,-0.09612593054771423,0.6907753348350525,0.25757724046707153,0.31991785764694214,0.03094465844333172,0.2833355665206909,0.24981407821178436,0.31881850957870483,-0.09972530603408813,0.7226848602294922,0.2759753167629242,0.4098849892616272,-0.03939322382211685,0.4169730842113495,0.2678077518939972,0.4175613522529602,-0.19357824325561523,0.7046576738357544
C,0.7023334503173828,0.3751979470252991,-0.031796667724847794,0.9982286691665649,0.650566041469574,0.32206839323043823,0.15477386116981506,0.9964560270309448,0.6461323499679565,0.28938812017440796,-0.16205452382564545,0.9981847405433655,0.6373127698898315,0.42847269773483276,0.21323569118976593,0.3211210072040558,0.6272874474525452,0.4465838074684143,-0.16292165219783783,0.9478173851966858,0.7036814093589783,0.4365113079547882,0.21153296530246735,0.39562326669692993,0.6966018080711365,0.45160678029060364,-0.05203406885266304,0.9433855414390564,0.5085646510124207,0.3143199682235718,0.0938674584031105,0.9984896779060364,0.5079901814460754,0.27006974816322327,-0.09373491257429123,0.9972535967826843,0.3995727002620697,0.35209253430366516,0.021580008789896965,0.18799090385437012,0.390877366065979,0.3289394676685333,-0.10640879720449448,0.6249275803565979,0.27736929059028625,0.3340354263782501,0.03370686247944832,0.23347027599811554,0.26924511790275574,0.3322034776210785,-0.09290393441915512,0.6935564875602722,0.25735384225845337,0.3197304308414459,0.03167729824781418,0.2842980623245239,0.2494048923254013,0.3192720413208008,-0.09691563248634338,0.7269018888473511,0.27597400546073914,0.4097602665424347,-0.036804888397455215,0.4173043966293335,0.2679489552974701,0.4178531765937805,-0.18724419176578522,0.7057754993438721
C,0.7027950286865234,0.37250497937202454,-0.043431151658296585,0.9984158873558044,0.6503370404243469,0.3172205090522766,0.156793013215065,0.9964657425880432,0.6460989713668823,0.290648877620697,-0.1824871152639389,0.9983159899711609,0.6373786330223083,0.4262852966785431,0.22344811260700226,0.31692376732826233,0.6276105046272278,0.4465397000312805,-0.18497104942798615,0.951271116733551,0.7006535530090332,0.43513980507850647,0.22778020799160004,0.4048324227333069,0.696812629699707,0.4522783160209656,-0.07558421790599823,0.94855797290802,0.5084558129310608,0.311675101518631,0.09814242273569107,0.9985684156417847,0.507973849773407,0.2697634994983673,-0.09797678142786026,0.9974182844161987,0.39836668968200684,0.3509702980518341,0.02677164226770401,0.20025864243507385,0.3907550871372223,0.32999178767204285,-0.11451662331819534,0.6620921492576599,0.2765772044658661,0.33391857147216797,0.04850103333592415,0.2524735629558563,0.26908186078071594,0.33234676718711853,-0.09685144573450089,0.7274139523506165,0.2565162479877472,0.3197210431098938,0.04734008386731148,0.30979683995246887,0.24876900017261505,0.32046470046043396,-0.10066182166337967,0.7558251023292542,0.27527281641960144,0.41022709012031555,-0.023500286042690277,0.43688830733299255,0.2680743932723999,0.41850101947784424,-0.19482477009296417,0.7314515113830566
C,0.703390896320343,0.37757760286331177,-0.04099160432815552,0.9979841113090515,0.6516584157943726,0.32114776968955994,0.15873181819915771,0.9961850047111511,0.6463932991027832,0.29548749327659607,-0.18853236734867096,0.9982421398162842,0.6371038556098938,0.42942214012145996,0.23137415945529938,0.30153483152389526,0.6282944083213806,0.44919541478157043,-0.19380693137645721,0.951503336429596,0.704644501209259,0.43601667881011963,0.23944641649723053,0.39842352271080017,0.6983161568641663,0.45285776257514954,-0.08648837357759476,0.949038028717041,0.5085203647613525,0.3185866177082062,0.10116686671972275,0.9984186887741089,0.5078088641166687,0.2717558443546295,-0.10100015997886658,0.9970540404319763,0.39869043231010437,0.35271725058555603,0.03247212618589401,0.21182270348072052,0.39063286781311035,0.333696573972702,-0.11866778880357742,0.683559238910675,0.2760292887687683,0.33403128385543823,0.05877825245261192,0.2611871361732483,0.26804739236831665,0.332559198141098,-0.09447077661752701,0.7394395470619202,0.2562142312526703,0.31998878717422485,0.05768178775906563,0.3300408124923706,0.24818171560764313,0.32083427906036377,-0.09749969094991684,0.7651702165603638,0.2762327492237091,0.410339891910553,-0.015024207532405853,0.4336887001991272,0.2685551345348358,0.41827693581581116,-0.1947699338197708,0.7309517860412598
C,0.7033112049102783,0.3814566433429718,-0.03741025552153587,0.9967696070671082,0.6519331336021423,0.3252958357334137,0.15857428312301636,0.9957101941108704,0.6462046504020691,0.2923487722873688,-0.18538601696491241,0.9979932904243469,0.6369805932044983,0.4305570721626282,0.22201311588287354,0.29804566502571106,0.6283745169639587,0.44794100522994995,-0.18972431123256683,0.9512496590614319,0.7039946913719177,0.43918877840042114,0.21788738667964935,0.3991090655326843,0.69801265001297,0.45381322503089905,-0.08106181770563126,0.951540470123291,0.5080686211585999,0.3238924741744995,0.10121247172355652,0.9982950091362,0.5076831579208374,0.27463796734809875,-0.10104218870401382,0.9967126846313477,0.3976508677005768,0.3601111173629761,0.01991751231253147,0.2294207215309143,0.389723539352417,0.3360561728477478,-0.13351713120937347,0.6751457452774048,0.27534762024879456,0.33479827642440796,0.04087076708674431,0.273573100566864,0.2677384912967682,0.33288100361824036,-0.11415842920541763,0.7456949353218079,0.25546836853027344,0.3202919661998749,0.039212677627801895,0.33885514736175537,0.24720607697963715,0.32119491696357727,-0.1178906261920929,0.7658573389053345,0.2753871977329254,0.41212689876556396,-0.03600095212459564,0.44556090235710144,0.2676064968109131,0.419090211391449,-0.21780376136302948,0.7411617636680603
C,0.7024196982383728,0.38289502263069153,-0.03364216908812523,0.9968459606170654,0.6522393822669983,0.3292142152786255,0.166433185338974,0.9960052371025085,0.6468892693519592,0.2905545234680176,-0.17140541970729828,0.9981361031532288,0.6371492743492126,0.43133556842803955,0.19814778864383698,0.31465235352516174,0.6289966106414795,0.4471525549888611,-0.1763395071029663,0.9522562026977539,0.7038206458091736,0.4411579370498657,0.15244846045970917,0.4141911268234253,0.6978089809417725,0.4538038969039917,-0.06489770859479904,0.951758623123169,0.5103716850280762,0.3257138431072235,0.10055594891309738,0.9984357953071594,0.5094056725502014,0.27202028036117554,-0.10040972381830215,0.9969394207000732,0.3993052542209625,0.35979384183883667,0.010724416933953762,0.2496250718832016,0.39057469367980957,0.3348552882671356,-0.13862337172031403,0.6767224669456482,0.276298463344574,0.33499935269355774,0.02576874941587448,0.29295918345451355,0.2685246765613556,0.33318787813186646,-0.12208790332078934,0.7570219039916992,0.2567519247531891,0.3201119899749756,0.023356154561042786,0.34694239497184753,0.2482399344444275,0.32157444953918457,-0.12599115073680878,0.7644075751304626,0.2754376232624054,0.4117223918437958,-0.05495662987232208,0.4657266438007355,0.26763278245925903,0.418895959854126,-0.22894328832626343,0.7574109435081482
C,0.7033626437187195,0.3804789185523987,-0.04130585119128227,0.9973918199539185,0.6521008014678955,0.33063626289367676,0.16486705839633942,0.9956704378128052,0.64678955078125,0.2919784188270569,-0.17954224348068237,0.9981706142425537,0.6372499465942383,0.43220099806785583,0.22017651796340942,0.3056168556213379,0.6292968392372131,0.44682687520980835,-0.18528138101100922,0.9537652134895325,0.7040660977363586,0.4411906599998474,0.20454655587673187,0.3984452784061432,0.6983372569084167,0.45317280292510986,-0.07278718054294586,0.9502818584442139,0.5095897316932678,0.3248726427555084,0.10153105109930038,0.9984968304634094,0.5090441703796387,0.271016925573349,-0.10138651728630066,0.9971358776092529,0.4001290500164032,0.3617721498012543,0.02380996197462082,0.26029911637306213,0.3908641040325165,0.3349083662033081,-0.13260358572006226,0.6957001090049744,0.2760700583457947,0.3351070284843445,0.04916800186038017,0.3044905662536621,0.26839879155158997,0.3336104154586792,-0.10694866627454758,0.7720698714256287,0.2566702961921692,0.32012879848480225,0.047758784145116806,0.3483920395374298,0.2481577843427658,0.3211502134799957,-0.10968201607465744,0.7677176594734192,0.27543404698371887,0.41109755635261536,-0.026443161070346832,0.4774029850959778,0.26756882667541504,0.41875267028808594,-0.2089787721633911,0.772803008556366
C,0.6995243430137634,0.38283079862594604,-0.04388950392603874,0.9975138902664185,0.6515358090400696,0.32931312918663025,0.1578746736049652,0.9954861402511597,0.6465720534324646,0.29217907786369324,-0.17998574674129486,0.9983054399490356,0.6372027397155762,0.4312886893749237,0.2372913956642151,0.28542858362197876,0.6292518377304077,0.44594454765319824,-0.19458405673503876,0.9567435383796692,0.703435480594635,0.44126737117767334,0.23983322083950043,0.3704921305179596,0.6979992389678955,0.4531339704990387,-0.09605547785758972,0.9525630474090576,0.5077168345451355,0.31951820850372314,0.10058990120887756,0.9984244108200073,0.507501482963562,0.26981452107429504,-0.1004292294383049,0.9970905184745789,0.4004940092563629,0.35723575949668884,0.01599361188709736,0.26035189628601074,0.39096811413764954,0.33333563804626465,-0.13120083510875702,0.7020025253295898,0.27616724371910095,0.33510488271713257,0.033388812094926834,0.3064315617084503,0.2681877613067627,0.3336327075958252,-0.11411017179489136,0.778123676776886,0.25646886229515076,0.31972119212150574,0.0313597097992897,0.35110217332839966,0.24778194725513458,0.32063376903533936,-0.11772444099187851,0.7773706316947937,0.275315523147583,0.4109538793563843,-0.04353493079543114,0.4770152270793915,0.2675231099128723,0.41874459385871887,-0.21622468531131744,0.7773122191429138
C,0.7002331614494324,0.3870868980884552,-0.03771502897143364,0.9974343180656433,0.6521379351615906,0.33239150047302246,0.16486144065856934,0.995460569858551,0.6470139026641846,0.29353344440460205,-0.18121880292892456,0.9983216524124146,0.6373100876808167,0.4319397211074829,0.24216456711292267,0.2716336250305176,0.6291056275367737,0.44610753655433655,-0.1893061399459839,0.9561517834663391,0.7065004706382751,0.44090554118156433,0.24763722717761993,0.34758687019348145,0.6976024508476257,0.4526072144508362,-0.07699798792600632,0.9511581659317017,0.5118489265441895,0.3280452489852905,0.10077271610498428,0.998359203338623,0.5109017491340637,0.27392563223838806,-0.10061994194984436,0.9969125986099243,0.40216508507728577,0.36120763421058655,0.018467895686626434,0.26068568229675293,0.39183470606803894,0.3333807587623596,-0.1319417953491211,0.6829225420951843,0.2789432108402252,0.33464086055755615,0.03960694372653961,0.3021083474159241,0.27042773365974426,0.33320701122283936,-0.1070144772529602,0.7632287740707397,0.2588033378124237,0.3178651034832001,0.037753161042928696,0.346930593252182,0.250972181558609,0.3191680610179901,-0.10972582548856735,0.7645716667175293,0.275674045085907,0.41038212180137634,-0.037168487906455994,0.4687238931655884,0.2680847942829132,0.41822224855422974,-0.20923586189746857,0.7641609907150269
C,0.6999929547309875,0.38655856251716614,-0.020136214792728424,0.9977349042892456,0.6499269008636475,0.32402557134628296,0.17618949711322784,0.9959980845451355,0.6476527452468872,0.2976701855659485,-0.16554860770702362,0.998603343963623,0.6342433094978333,0.4235966205596924,0.25151705741882324,0.26382195949554443,0.6293931007385254,0.4482836127281189,-0.17083044350147247,0.9548062086105347,0.7010940909385681,0.43675458431243896,0.26055577397346497,0.36180731654167175,0.6969721913337708,0.45394137501716614,-0.04888911545276642,0.9532468914985657,0.509113609790802,0.3278663754463196,0.0987456738948822,0.9983827471733093,0.5100910067558289,0.27479827404022217,-0.09860844165086746,0.9972165822982788,0.40081897377967834,0.3587093651294708,0.025977792218327522,0.2500309646129608,0.39219585061073303,0.3348018229007721,-0.11656530946493149,0.6764646768569946,0.2759610116481781,0.3348146080970764,0.045981865376234055,0.3071489632129669,0.26792147755622864,0.33306604623794556,-0.09943318367004395,0.7747852802276611,0.2558195888996124,0.3185872435569763,0.0441497303545475,0.3587018549442291,0.24850182235240936,0.31938526034355164,-0.10285777598619461,0.7832316160202026,0.2750520408153534,0.41056787967681885,-0.026725908741354942,0.4851144254207611,0.26751577854156494,0.41732460260391235,-0.19624076783657074,0.7783706784248352
C,0.6999029517173767,0.38668256998062134,-0.04948994889855385,0.9978711009025574,0.6485879421234131,0.3188842535018921,0.15572930872440338,0.9956068396568298,0.6473796963691711,0.29985180497169495,-0.18673960864543915,0.9986708760261536,0.6340340971946716,0.42269229888916016,0.23380380868911743,0.25444552302360535,0.6294229626655579,0.44916921854019165,-0.19457967579364777,0.953512966632843,0.7006221413612366,0.4354318380355835,0.2468440979719162,0.34327396750450134,0.6989603042602539,0.4551355540752411,-0.07471449673175812,0.9499916434288025,0.5054082870483398,0.319052129983902,0.0984780490398407,0.9982616305351257,0.5067082047462463,0.2755347490310669,-0.09834329038858414,0.9972355365753174,0.39815080165863037,0.35637155175209045,0.025245530530810356,0.2503839135169983,0.3897406756877899,0.33451950550079346,-0.11542067676782608,0.6926395297050476,0.2740270793437958,0.334700345993042,0.04735134541988373,0.3194948136806488,0.2656639814376831,0.3332245349884033,-0.09679833054542542,0.7939768433570862,0.25395798683166504,0.3168993592262268,0.04587133601307869,0.36789029836654663,0.2463817447423935,0.31980323791503906,-0.10047176480293274,0.8045982718467712,0.2740175426006317,0.41130274534225464,-0.02674865908920765,0.5031365156173706,0.2657344937324524,0.4172658920288086,-0.19577616453170776,0.7931545972824097
C,0.698979377746582,0.3868466019630432,-0.07185465097427368,0.9981608986854553,0.649331271648407,0.32507070899009705,0.14580826461315155,0.995512843132019,0.6465981602668762,0.29417693614959717,-0.19893985986709595,0.9986104965209961,0.6363219618797302,0.4249206781387329,0.2344893217086792,0.24017567932605743,0.63018399477005,0.44826826453208923,-0.2136383205652237,0.9544553160667419,0.7072209715843201,0.4376547634601593,0.2562215030193329,0.3195644021034241,0.6998624801635742,0.45491117238998413,-0.10822422057390213,0.9463697671890259,0.5050204992294312,0.3146190345287323,0.10094767063856125,0.998395562171936,0.505729615688324,0.265329509973526,-0.1008472740650177,0.9973956942558289,0.3982696831226349,0.3489176332950592,0.024739468470215797,0.2355305701494217,0.38866153359413147,0.3293268084526062,-0.11858051270246506,0.6817268133163452,0.2750329077243805,0.3346261978149414,0.045734062790870667,0.2985883355140686,0.2662791609764099,0.33423349261283875,-0.09696263819932938,0.7825151681900024,0.25447338819503784,0.3196794092655182,0.04405410587787628,0.34187188744544983,0.246443971991539,0.3228275775909424,-0.10075902193784714,0.7989422678947449,0.2748064696788788,0.41119706630706787,-0.02913902886211872,0.4760403037071228,0.2683105170726776,0.42006534337997437,-0.19756342470645905,0.7817550897598267
H,0.657940685749054,0.3879639804363251,0.04745347797870636,0.9989312291145325,0.641640305519104,0.28156015276908875,0.15090002119541168,0.9884143471717834,0.6461371779441833,0.3290760815143585,-0.06797739863395691,0.9990969896316528,0.6527584791183472,0.379757285118103,0.26756736636161804,0.2664676010608673,0.657843291759491,0.4398086369037628,-0.07578396052122116,0.9459803104400635,0.7018287777900696,0.4088500738143921,0.3258841335773468,0.26057007908821106,0.7190430760383606,0.4442306160926819,0.04826139286160469,0.9060115218162537,0.5147209167480469,0.13219165802001953,0.07634909451007843,0.9982439875602722,0.5099248290061951,0.15312694013118744,-0.07624389976263046,0.9989338517189026,0.43228042125701904,0.2655746638774872,0.09664452821016312,0.19740593433380127,0.4181741774082184,0.2837180495262146,-0.0380948968231678,0.9145026206970215,0.31400033831596375,0.3318644165992737,0.12299642711877823,0.24860365688800812,0.30488941073417664,0.34086012840270996,-0.020989036187529564,0.9249630570411682,0.2885001301765442,0.32490456104278564,0.12403609603643417,0.3230840563774109,0.2812027037143707,0.33601945638656616,-0.020413031801581383,0.930098295211792,0.3261372745037079,0.41758665442466736,0.10623998194932938,0.4128374457359314,0.316140353679657,0.4328882694244385,-0.052109379321336746,0.9163050055503845
H,0.656071662902832,0.3873928487300873,0.051286015659570694,0.9993372559547424,0.6411516070365906,0.28332313895225525,0.1538097858428955,0.9887915849685669,0.6456773281097412,0.3270270526409149,-0.06842746585607529,0.9993025064468384,0.6541656851768494,0.37861454486846924,0.2720319330692291,0.28989338874816895,0.6595706343650818,0.4394737780094147,-0.07871033996343613,0.9529473781585693,0.7059983611106873,0.4094628691673279,0.3293970823287964,0.2624080777168274,0.720997154712677,0.4426441192626953,0.04788575693964958,0.9001771807670593,0.5166180729866028,0.12416161596775055,0.0824085921049118,0.9983468651771545,0.5107739567756653,0.14261944591999054,-0.08224721997976303,0.9992533326148987,0.4399608373641968,0.2742084562778473,0.10764466971158981,0.18874666094779968,0.42542457580566406,0.2854604423046112,-0.04014742001891136,0.9554272294044495,0.3257139027118683,0.3325980603694916,0.14082302153110504,0.2365833818912506,0.3092235028743744,0.3438585698604584,-0.024629920721054077,0.953917920589447,0.30036064982414246,0.32595542073249817,0.14261887967586517,0.31510496139526367,0.28535640239715576,0.3380734920501709,-0.023723037913441658,0.9566343426704407,0.3354458510875702,0.41585540771484375,0.12928514182567596,0.3951418995857239,0.3200620710849762,0.43469491600990295,-0.05135440453886986,0.9447057843208313
H,0.661090075969696,0.38418328762054443,0.04583415761590004,0.9994235038757324,0.6443044543266296,0.2844788134098053,0.15371127426624298,0.9881048798561096,0.6470978856086731,0.32569125294685364,-0.07456212490797043,0.9994030594825745,0.6552941203117371,0.3788430988788605,0.2701687514781952,0.2869272530078888,0.6605180501937866,0.43908971548080444,-0.0842546820640564,0.9525510668754578,0.7064676284790039,0.4082129895687103,0.3289127051830292,0.26869505643844604,0.721639096736908,0.44274845719337463,0.037443067878484726,0.9051621556282043,0.5226333737373352,0.12238693982362747,0.08352053910493851,0.9985944628715515,0.5155172348022461,0.13889259099960327,-0.08339199423789978,0.9994806051254272,0.4463442862033844,0.27590450644493103,0.10259544849395752,0.17802684009075165,0.4402463138103485,0.28764769434928894,-0.047809381037950516,0.973508894443512,0.33043378591537476,0.3296492397785187,0.1266438066959381,0.23251944780349731,0.32061880826950073,0.3370686173439026,-0.02630382962524891,0.9648479223251343,0.3057035505771637,0.323692262172699,0.12709729373455048,0.31285974383354187,0.2986051142215729,0.3288523852825165,-0.02496129460632801,0.9651535153388977,0.3386397063732147,0.41847947239875793,0.10812178999185562,0.3814750611782074,0.32882925868034363,0.433435320854187,-0.05511124059557915,0.9544650912284851
H,0.6654065251350403,0.38292941451072693,0.03938549384474754,0.999445378780365,0.6464212536811829,0.2832969129085541,0.14589183032512665,0.9868266582489014,0.6497229933738708,0.32194411754608154,-0.08114011585712433,0.9993922710418701,0.6534736156463623,0.37907201051712036,0.2591363191604614,0.283968061208725,0.6600372195243835,0.438349187374115,-0.08783378452062607,0.9501466155052185,0.7056236863136292,0.41011568903923035,0.3142324984073639,0.254349946975708,0.7215609550476074,0.44248560070991516,0.03558817878365517,0.8986622095108032,0.5261644124984741,0.12025602906942368,0.08229560405015945,0.9985271692276001,0.5181096196174622,0.13805177807807922,-0.08211866766214371,0.9995134472846985,0.450297087430954,0.26930078864097595,0.11144112795591354,0.17131347954273224,0.43852511048316956,0.28163912892341614,-0.04576626047492027,0.9786164164543152,0.33465638756752014,0.3316911458969116,0.1570047289133072,0.2215975970029831,0.31986355781555176,0.33841416239738464,-0.022148841992020607,0.9674861431121826,0.30980005860328674,0.32566604018211365,0.16009390354156494,0.3034593462944031,0.29799166321754456,0.32946860790252686,-0.02059461735188961,0.9677807092666626,0.34433409571647644,0.41778016090393066,0.14784212410449982,0.3637365996837616,0.33057746291160583,0.43363794684410095,-0.052910540252923965,0.9560839533805847
H,0.66084223985672,0.3907892405986786,0.03891094774007797,0.9994778037071228,0.6456291675567627,0.2870608866214752,0.15268921852111816,0.9845125675201416,0.6485217213630676,0.32347285747528076,-0.08682534843683243,0.9993907809257507,0.6563262343406677,0.3895268142223358,0.2743295729160309,0.27548161149024963,0.6602783799171448,0.44108065962791443,-0.09386222809553146,0.9515407085418701,0.7087756991386414,0.41302892565727234,0.33748242259025574,0.22149355709552765,0.7206440567970276,0.4424484074115753,0.03894767165184021,0.8850063681602478,0.5286514759063721,0.12180023640394211,0.08956357091665268,0.9980528354644775,0.5214213728904724,0.1372753083705902,-0.08934944123029709,0.9994680285453796,0.44705596566200256,0.2688778042793274,0.11063576489686966,0.17324848473072052,0.4339711368083954,0.27795758843421936,-0.06120149791240692,0.9836798906326294,0.3283001780509949,0.33862003684043884,0.13636000454425812,0.22235281765460968,0.3172558844089508,0.34226158261299133,-0.05697837099432945,0.975093424320221,0.3059045374393463,0.3305579721927643,0.13670696318149567,0.30391737818717957,0.2954239547252655,0.330771803855896,-0.05791379138827324,0.9756541848182678,0.33884933590888977,0.4198876917362213,0.11364338546991348,0.3590637743473053,0.3271890878677368,0.4329816997051239,-0.10012447088956833,0.9643813967704773
H,0.6520551443099976,0.396108478307724,0.03002561442553997,0.9994919300079346,0.6429867744445801,0.2921929359436035,0.1421395093202591,0.9834492802619934,0.6461554169654846,0.3232945203781128,-0.0937785804271698,0.999379575252533,0.6560379266738892,0.39944836497306824,0.2564966380596161,0.2742784023284912,0.6603277325630188,0.4422778785228729,-0.10906779021024704,0.9550483226776123,0.7097712159156799,0.4199119508266449,0.309564471244812,0.19746510684490204,0.7202162742614746,0.44246619939804077,0.023506874218583107,0.8714097142219543,0.5272712707519531,0.12929843366146088,0.09292980283498764,0.9978558421134949,0.5193029046058655,0.13554751873016357,-0.09269148111343384,0.9994716048240662,0.4475630521774292,0.2745293080806732,0.12199783325195312,0.19769935309886932,0.4333966076374054,0.27911198139190674,-0.07341118901968002,0.9883891940116882,0.32887598872184753,0.3385652005672455,0.15414416790008545,0.2522852420806885,0.3164561092853546,0.34352800250053406,-0.08574214577674866,0.9827015995979309,0.30615395307540894,0.33036625385284424,0.15478000044822693,0.31833240389823914,0.2941194474697113,0.33345553278923035,-0.08840199559926987,0.9820284843444824,0.3389580547809601,0.419256329536438,0.1311928778886795,0.3810923397541046,0.3256981670856476,0.4345635771751404,-0.13504037261009216,0.973438560962677
H,0.6511748433113098,0.39674440026283264,0.026826968416571617,0.9995146989822388,0.6421043276786804,0.292481005191803,0.139824777841568,0.984856128692627,0.6453171372413635,0.322549432516098,-0.09141247719526291,0.9994149208068848,0.6551465392112732,0.39998695254325867,0.2514587342739105,0.2747114300727844,0.6601253151893616,0.4429415464401245,-0.10929753631353378,0.9573219418525696,0.7095486521720886,0.4208349883556366,0.29767534136772156,0.1909308284521103,0.7195641994476318,0.44264206290245056,0.022761041298508644,0.8670250177383423,0.5250654220581055,0.12841254472732544,0.09228149801492691,0.9980525374412537,0.5174742341041565,0.13632947206497192,-0.09205397963523865,0.9994992613792419,0.4448989927768707,0.2752777934074402,0.12425360828638077,0.20394212007522583,0.43371811509132385,0.2823561429977417,-0.07081592828035355,0.9896909594535828,0.3261725604534149,0.33830732107162476,0.1575164943933487,0.26691901683807373,0.3161073625087738,0.3441339135169983,-0.07648027688264847,0.9844458699226379,0.30420809984207153,0.3301251232624054,0.15836413204669952,0.33074313402175903,0.2940845787525177,0.3348660171031952,-0.07847083359956741,0.9833122491836548,0.3376100957393646,0.41674867272377014,0.1382889598608017,0.3961319625377655,0.3266156315803528,0.43190160393714905,-0.12022890895605087,0.9754467010498047
H,0.6535759568214417,0.39631950855255127,0.025893310084939003,0.9995437860488892,0.6420039534568787,0.29279854893684387,0.13913781940937042,0.9857913851737976,0.6451094150543213,0.32253310084342957,-0.09178510308265686,0.999448835849762,0.654682993888855,0.40108439326286316,0.24994449317455292,0.2781871557235718,0.6602708697319031,0.44386905431747437,-0.1089124009013176,0.9590310454368591,0.7098085880279541,0.4217824339866638,0.29467910528182983,0.1909833550453186,0.7194483280181885,0.4427280128002167,0.024419182911515236,0.8604925870895386,0.524014413356781,0.12911784648895264,0.09169689565896988,0.9982471466064453,0.5169798135757446,0.13789385557174683,-0.09147009253501892,0.9995518326759338,0.4438806474208832,0.275400847196579,0.12081488966941833,0.20805057883262634,0.43350887298583984,0.28251850605010986,-0.0692901685833931,0.9905145168304443,0.3256032168865204,0.3382999300956726,0.1487407237291336,0.27970433235168457,0.31545647978782654,0.3440437912940979,-0.07626841217279434,0.9859901070594788,0.3040415942668915,0.33009132742881775,0.1489374190568924,0.34314972162246704,0.29374921321868896,0.3344763517379761,-0.0786193385720253,0.9842079281806946,0.3377849757671356,0.4166930615901947,0.12411458045244217,0.412030428647995,0.32638564705848694,0.4317212998867035,-0.12406990677118301,0.9772926568984985
H,0.6582585573196411,0.3943173587322235,0.02685406059026718,0.9996057748794556,0.6426522135734558,0.29291683435440063,0.14044849574565887,0.9872010946273804,0.6460160613059998,0.3227699100971222,-0.08720294386148453,0.9995065331459045,0.6545605063438416,0.40050914883613586,0.24567663669586182,0.2955206036567688,0.6605095863342285,0.4445362687110901,-0.10028205066919327,0.9611252546310425,0.7101149559020996,0.42151620984077454,0.2902746796607971,0.20049205422401428,0.7194978594779968,0.4426991045475006,0.034475620836019516,0.8586254715919495,0.5243025422096252,0.13008959591388702,0.08957314491271973,0.9984460473060608,0.5172572731971741,0.1396276205778122,-0.08935599774122238,0.9996058940887451,0.44417592883110046,0.27620503306388855,0.11637609452009201,0.20736858248710632,0.4336184561252594,0.28337809443473816,-0.065836600959301,0.9905397295951843,0.3254120647907257,0.3383319675922394,0.1436997950077057,0.2864980399608612,0.3153536319732666,0.34397178888320923,-0.07156191766262054,0.986513078212738,0.3042362630367279,0.33011868596076965,0.14395903050899506,0.3526659905910492,0.2939414978027344,0.3341986835002899,-0.07381929457187653,0.9843102693557739,0.3377073109149933,0.4171167314052582,0.12110919505357742,0.4238430857658386,0.3261338472366333,0.4320617616176605,-0.11668901890516281,0.9779355525970459
H,0.6586334109306335,0.3933863043785095,0.026493528857827187,0.9996080994606018,0.6432632803916931,0.2925586998462677,0.14109987020492554,0.9876653552055359,0.646216094493866,0.32305464148521423,-0.09049393981695175,0.9995314478874207,0.6551389098167419,0.4008561968803406,0.250980406999588,0.29999369382858276,0.6609567999839783,0.44474145770072937,-0.10426653176546097,0.9616340398788452,0.7110148072242737,0.42137444019317627,0.29872724413871765,0.20265284180641174,0.719913899898529,0.4427143335342407,0.028413446620106697,0.8601766228675842,0.5245377421379089,0.13084930181503296,0.09050559252500534,0.998535692691803,0.5174327492713928,0.14132481813430786,-0.09029459953308105,0.9996325969696045,0.4435178339481354,0.27618974447250366,0.12234114855527878,0.19942191243171692,0.4330235719680786,0.28418394923210144,-0.06767009943723679,0.9901065826416016,0.32532915472984314,0.3383554518222809,0.15687762200832367,0.2774488925933838,0.315209299325943,0.34430015087127686,-0.0752345398068428,0.9858035445213318,0.3041994869709015,0.3303901255130768,0.15793704986572266,0.34676826000213623,0.29385775327682495,0.33521518111228943,-0.07774711400270462,0.9835565686225891,0.33784422278404236,0.4172035753726959,0.13627640902996063,0.4131285548210144,0.3267713487148285,0.4318351447582245,-0.12133550643920898,0.9767261743545532
H,0.6595171689987183,0.39396926760673523,0.025716865435242653,0.9995942711830139,0.6431505084037781,0.2944192588329315,0.14346066117286682,0.987934947013855,0.6463752388954163,0.32363203167915344,-0.09178820997476578,0.9995526671409607,0.6553885340690613,0.402479350566864,0.25680866837501526,0.30186930298805237,0.6625382304191589,0.4453034996986389,-0.10501372814178467,0.9622142314910889,0.7111871242523193,0.4223465621471405,0.3094926178455353,0.203830748796463,0.7203216552734375,0.4425342082977295,0.030566630885004997,0.8573389649391174,0.5236353874206543,0.1328096091747284,0.09251601248979568,0.9986042976379395,0.5178962349891663,0.14451080560684204,-0.09230417758226395,0.9996627569198608,0.44158390164375305,0.27633944153785706,0.12962773442268372,0.20102804899215698,0.43186917901039124,0.2848450541496277,-0.07137662917375565,0.9903239011764526,0.32377544045448303,0.3391765058040619,0.16629759967327118,0.2829534113407135,0.3140225410461426,0.3447719216346741,-0.08096349984407425,0.9861260652542114,0.3020307719707489,0.332149475812912,0.16768062114715576,0.35317903757095337,0.2923084497451782,0.33708569407463074,-0.08352085947990417,0.9833494424819946,0.3374708592891693,0.41712722182273865,0.14653456211090088,0.4177461564540863,0.32721468806266785,0.42994099855422974,-0.12776421010494232,0.9769535660743713
H,0.6585332155227661,0.395341694355011,0.027274124324321747,0.9995608925819397,0.643464982509613,0.2938534915447235,0.1438254565000534,0.9873940944671631,0.6460568308830261,0.3256678283214569,-0.09242115169763565,0.9995473027229309,0.6578425765037537,0.40172600746154785,0.2621554434299469,0.29093998670578003,0.6627654433250427,0.4450237452983856,-0.10622326284646988,0.9622399806976318,0.7112202048301697,0.4218785762786865,0.3168112337589264,0.19536897540092468,0.7202367186546326,0.4423355758190155,0.030199021100997925,0.8565495014190674,0.5233659744262695,0.13086922466754913,0.09344875812530518,0.9986355900764465,0.517623245716095,0.14480607211589813,-0.09324339032173157,0.9996809363365173,0.44077059626579285,0.27590858936309814,0.13310353457927704,0.19593796133995056,0.43116798996925354,0.2850566506385803,-0.07169158011674881,0.9903461933135986,0.3234034478664398,0.33939120173454285,0.1712256819009781,0.27691662311553955,0.3136208951473236,0.3448180854320526,-0.08043242990970612,0.9864313006401062,0.3015052378177643,0.3321858048439026,0.17273814976215363,0.34776750206947327,0.29187414050102234,0.3370066285133362,-0.0827186331152916,0.9836472272872925,0.3372415006160736,0.41721150279045105,0.1532774418592453,0.408487468957901,0.3270356357097626,0.42968177795410156,-0.12573367357254028,0.9772703051567078
H,0.6573219895362854,0.3953547179698944,0.025390775874257088,0.9994959831237793,0.6437861323356628,0.29146522283554077,0.14395855367183685,0.9867658019065857,0.6446530222892761,0.3260241150856018,-0.09803524613380432,0.9995390772819519,0.6583160758018494,0.3993619978427887,0.2641526162624359,0.27695518732070923,0.6625267267227173,0.4444774389266968,-0.11261934041976929,0.962465763092041,0.7109429836273193,0.4208845794200897,0.31935545802116394,0.19031307101249695,0.7201108932495117,0.44207489490509033,0.025403043255209923,0.8641412854194641,0.5229195952415466,0.1290542632341385,0.09537982940673828,0.9987061619758606,0.5152134299278259,0.1438940167427063,-0.09518840163946152,0.9996980428695679,0.44332411885261536,0.27683499455451965,0.13509118556976318,0.19074678421020508,0.43111392855644226,0.2867331802845001,-0.06708136945962906,0.9896259307861328,0.3250536024570465,0.33933818340301514,0.17619375884532928,0.2645842730998993,0.313553124666214,0.344893217086792,-0.06375133246183395,0.9857295155525208,0.30329737067222595,0.3321548104286194,0.17806072533130646,0.33459046483039856,0.2920886278152466,0.33673980832099915,-0.06476255506277084,0.982849657535553,0.33834049105644226,0.41603997349739075,0.1606197953224182,0.39077985286712646,0.3272322118282318,0.4287051856517792,-0.1051059141755104,0.9760733842849731
H,0.658963143825531,0.3937866985797882,0.027509629726409912,0.9995188117027283,0.6442862153053284,0.2922309637069702,0.14364862442016602,0.9869821667671204,0.6451531648635864,0.3271131217479706,-0.08804574608802795,0.9995559453964233,0.6577286720275879,0.39750397205352783,0.2553195059299469,0.27114802598953247,0.6635788083076477,0.44431158900260925,-0.10213333368301392,0.9600332975387573,0.7112321257591248,0.42084160447120667,0.3054444491863251,0.1903795599937439,0.720672070980072,0.4420359432697296,0.029557550325989723,0.8613093495368958,0.52250736951828,0.13251279294490814,0.09184759855270386,0.9987631440162659,0.5150183439254761,0.14722861349582672,-0.09165486693382263,0.9997146129608154,0.44423186779022217,0.28195932507514954,0.1339544802904129,0.18197408318519592,0.4327203929424286,0.2940285801887512,-0.07097934931516647,0.9891154766082764,0.3248828947544098,0.3393860161304474,0.1753256916999817,0.253241628408432,0.3138505220413208,0.34525904059410095,-0.0785343125462532,0.9840301871299744,0.30294451117515564,0.331013947725296,0.17728205025196075,0.32394909858703613,0.29215121269226074,0.33593443036079407,-0.08059081435203552,0.9808329939842224,0.3377029597759247,0.4150535762310028,0.16065725684165955,0.3775680661201477,0.32699188590049744,0.429280161857605,-0.1213693618774414,0.973449170589447
